antecedents,consequents,antecedent support,consequent support,support,confidence,lift,representativity,leverage,conviction,zhangs_metric,jaccard,certainty,kulczynski
frozenset({'HR_high'}),frozenset({'Temp_abnormal'}),0.33001204733895545,0.12109250681286682,0.04668182784545905,0.14145492027299275,1.1681558503995089,1.0,0.006719841754738463,1.023717349200348,0.21485437415367276,0.1154283001645562,0.023167868766582986,0.2634802120371566
frozenset({'Temp_abnormal'}),frozenset({'HR_high'}),0.12109250681286682,0.33001204733895545,0.04668182784545905,0.3855055038013205,1.1681558503995089,1.0,0.006719841754738463,1.090307491451352,0.16378269997163405,0.1154283001645562,0.08282754375202904,0.2634802120371566
frozenset({'HR_high'}),frozenset({'Resp_high'}),0.33001204733895545,0.2893190998640648,0.1320742683013252,0.4002104449407318,1.383283872819903,1.0,0.036595479820921484,1.1848837548791746,0.41356353501599785,0.27105675470201296,0.15603535293470858,0.4283553939304936
frozenset({'Resp_high'}),frozenset({'HR_high'}),0.2893190998640648,0.33001204733895545,0.1320742683013252,0.45650034292025543,1.3832838728199028,1.0,0.036595479820921484,1.2327293015434988,0.38988325993794654,0.27105675470201296,0.18879189555411605,0.4283553939304936
frozenset({'HR_high'}),frozenset({'SBP_low'}),0.33001204733895545,0.13512089214732542,0.050611064224557245,0.15336126251347004,1.1349929687132077,1.0,0.006019541968752193,1.0215444552186401,0.17752151012746825,0.12209503827174883,0.021090080914813503,0.26396130791691735
frozenset({'SBP_low'}),frozenset({'HR_high'}),0.13512089214732542,0.33001204733895545,0.050611064224557245,0.37456135332036467,1.1349929687132077,1.0,0.006019541968752193,1.07122889865843,0.13751895732444885,0.12209503827174883,0.06649269707681935,0.26396130791691735
frozenset({'HR_high'}),frozenset({'WBC_abnormal'}),0.33001204733895545,0.294850567899962,0.11834738856211466,0.3586153581858787,1.2162613785690624,1.0,0.0210431489903945,1.0994173950058446,0.2653903072713606,0.23365020897511887,0.09042734402552922,0.37999813291337764
frozenset({'WBC_abnormal'}),frozenset({'HR_high'}),0.294850567899962,0.33001204733895545,0.11834738856211466,0.4013809076408766,1.2162613785690621,1.0,0.0210431489903945,1.1192224925881675,0.25215691955573916,0.23365020897511887,0.10652260241166985,0.37999813291337764
frozenset({'HR_high'}),frozenset({'Lactate_high'}),0.33001204733895545,0.09087559028739668,0.040988654885614706,0.1242035107994565,1.3667422726681533,1.0,0.010998615281734833,1.0380544120957629,0.4005044549565353,0.10789356315172728,0.03665936164071934,0.28762246319368534
frozenset({'Lactate_high'}),frozenset({'HR_high'}),0.09087559028739668,0.33001204733895545,0.040988654885614706,0.4510414155879142,1.3667422726681535,1.0,0.010998615281734833,1.2204708546065943,0.29515559910307915,0.10789356315172728,0.1806440963128617,0.28762246319368534
frozenset({'HR_high'}),frozenset({'Sepsis'}),0.33001204733895545,0.01798467990800214,0.00861352523176632,0.026100638753103964,1.4512706863073328,1.0,0.0026783641945907575,1.0083334676744329,0.4641108342551098,0.025379939786709795,0.00826459493966092,0.25251872459219893
frozenset({'Sepsis'}),frozenset({'HR_high'}),0.01798467990800214,0.33001204733895545,0.00861352523176632,0.4789368104312939,1.4512706863073328,1.0,0.0026783641945907575,1.285809410592996,0.31664339780489364,0.025379939786709795,0.22227976264474916,0.25251872459219893
frozenset({'Resp_high'}),frozenset({'Temp_abnormal'}),0.2893190998640648,0.12109250681286682,0.0404603758512057,0.139846888332695,1.1548764825623004,1.0,0.005426000779823942,1.0218035385391737,0.18870147519585398,0.10936678264564417,0.021338288346843225,0.23698735636089852
frozenset({'Temp_abnormal'}),frozenset({'Resp_high'}),0.12109250681286682,0.2893190998640648,0.0404603758512057,0.334127824389102,1.1548764825623001,1.0,0.005426000779823942,1.0672932826543289,0.152583218699007,0.10936678264564417,0.06305041336620476,0.23698735636089852
frozenset({'SBP_low'}),frozenset({'Temp_abnormal'}),0.13512089214732542,0.12109250681286682,0.020762010294998745,0.1536550711370485,1.2689065176799337,1.0,0.0043998827420881,1.0384743420958744,0.245028326669998,0.0881796043450899,0.0370489096709164,0.16255542592875855
frozenset({'Temp_abnormal'}),frozenset({'SBP_low'}),0.12109250681286682,0.13512089214732542,0.020762010294998745,0.1714557807204686,1.2689065176799337,1.0,0.0043998827420881,1.0438538918354152,0.2411173897272264,0.0881796043450899,0.04201152304783451,0.16255542592875855
frozenset({'WBC_abnormal'}),frozenset({'Temp_abnormal'}),0.294850567899962,0.12109250681286682,0.039536531783714836,0.1340900648939192,1.1073357751288315,1.0,0.003832337381511036,1.015010288661788,0.13746242634744726,0.10503678144394125,0.014788311832363676,0.23029432352329993
frozenset({'Temp_abnormal'}),frozenset({'WBC_abnormal'}),0.12109250681286682,0.294850567899962,0.039536531783714836,0.3264985821526806,1.1073357751288317,1.0,0.003832337381511036,1.0469902711621213,0.11028640969085184,0.10503678144394125,0.04488128730170882,0.23029432352329993
frozenset({'Lactate_high'}),frozenset({'Temp_abnormal'}),0.09087559028739668,0.12109250681286682,0.015507566630803821,0.17064611720001702,1.4092211127789191,1.0,0.004503213594803945,1.0597496574319423,0.31941519503266497,0.07893476920655325,0.05638091695800283,0.14935495883463165
frozenset({'Temp_abnormal'}),frozenset({'Lactate_high'}),0.12109250681286682,0.09087559028739668,0.015507566630803821,0.1280638004692463,1.4092211127789191,1.0,0.004503213594803945,1.0426501505521424,0.33039671738864035,0.07893476920655325,0.040905523803508606,0.14935495883463165
frozenset({'Sepsis'}),frozenset({'Temp_abnormal'}),0.01798467990800214,0.12109250681286682,0.0043421959657520565,0.24143860151884222,1.9938360173842558,1.0,0.0021643859914650784,1.1586504335007561,0.5075829573427579,0.03222767850738989,0.13692691851968525,0.13864855204027193
frozenset({'Temp_abnormal'}),frozenset({'Sepsis'}),0.12109250681286682,0.01798467990800214,0.0043421959657520565,0.03585850256170163,1.993836017384256,1.0,0.0021643859914650784,1.018538588683497,0.5671293556966667,0.03222767850738989,0.018201164776151378,0.13864855204027193
frozenset({'Resp_high'}),frozenset({'SBP_low'}),0.2893190998640648,0.13512089214732542,0.03967762094046553,0.1371413811224626,1.0149531944544459,1.0,0.0005845660515719567,1.0023416222900636,0.020730669239153735,0.10312240469365339,0.002336151904690655,0.21539336287309002
frozenset({'SBP_low'}),frozenset({'Resp_high'}),0.13512089214732542,0.2893190998640648,0.03967762094046553,0.29364534462371744,1.014953194454446,1.0,0.0005845660515719567,1.0061247487033946,0.017034624309380072,0.10312240469365339,0.00608746451301161,0.21539336287309002
frozenset({'WBC_abnormal'}),frozenset({'Resp_high'}),0.294850567899962,0.2893190998640648,0.09925912086637761,0.3366421220530076,1.1635668789622853,1.0,0.013953219967152292,1.0713385998149316,0.19935303687452144,0.20469573512355133,0.06658828481234139,0.33986023855231184
frozenset({'Resp_high'}),frozenset({'WBC_abnormal'}),0.2893190998640648,0.294850567899962,0.09925912086637761,0.34307835505161616,1.1635668789622853,1.0,0.013953219967152292,1.0734148243135504,0.19780140526162804,0.20469573512355133,0.06839371196545499,0.33986023855231184
frozenset({'Lactate_high'}),frozenset({'Resp_high'}),0.09087559028739668,0.2893190998640648,0.03023431107904214,0.33270002410356025,1.1499414461744066,1.0,0.003942267097476984,1.065009629561605,0.14342427049236803,0.08639352591621688,0.0610413537653788,0.21860081591030103
frozenset({'Resp_high'}),frozenset({'Lactate_high'}),0.2893190998640648,0.09087559028739668,0.03023431107904214,0.1045016077170418,1.1499414461744066,1.0,0.003942267097476984,1.0152161271835534,0.18347264605661198,0.08639352591621688,0.014988066852096332,0.21860081591030103
frozenset({'Resp_high'}),frozenset({'Sepsis'}),0.2893190998640648,0.01798467990800214,0.007619458707262548,0.02633583026783408,1.4643480118940657,1.0,0.002416147304936038,1.0085770336625708,0.4461949439721919,0.025424949427417326,0.008504093764086677,0.224999839478379
frozenset({'Sepsis'}),frozenset({'Resp_high'}),0.01798467990800214,0.2893190998640648,0.007619458707262548,0.4236638486889239,1.4643480118940657,1.0,0.002416147304936038,1.233101374118638,0.3229096511330939,0.025424949427417326,0.1890366672287976,0.224999839478379
frozenset({'WBC_abnormal'}),frozenset({'SBP_low'}),0.294850567899962,0.13512089214732542,0.044275581267998534,0.15016278104310968,1.111321710926714,1.0,0.004435109483210117,1.0176997295014296,0.14205578131947025,0.11479402219211901,0.01739189761807326,0.2389183093147043
frozenset({'SBP_low'}),frozenset({'WBC_abnormal'}),0.13512089214732542,0.294850567899962,0.044275581267998534,0.327673837586299,1.1113217109267137,1.0,0.004435109483210117,1.048820455786666,0.11582029513079059,0.11479402219211901,0.04654796301627087,0.2389183093147043
frozenset({'Lactate_high'}),frozenset({'SBP_low'}),0.09087559028739668,0.13512089214732542,0.016140857229369737,0.177614881821662,1.3144886701014702,1.0,0.0038616663953218756,1.051671642318218,0.26316300582480784,0.07691410327254866,0.049132866418568975,0.14853490782161408
frozenset({'SBP_low'}),frozenset({'Lactate_high'}),0.13512089214732542,0.09087559028739668,0.016140857229369737,0.11945493382156616,1.3144886701014704,1.0,0.0038616663953218756,1.0324564234494025,0.27662584302987564,0.07691410327254866,0.031436119445086855,0.14853490782161408
frozenset({'Sepsis'}),frozenset({'SBP_low'}),0.01798467990800214,0.13512089214732542,0.0032817724405847146,0.18247599942685197,1.350464732188818,1.0,0.0008516664464313871,1.057925036141235,0.26426692464348006,0.021904213142527884,0.054753441087390824,0.10338183768115684
frozenset({'SBP_low'}),frozenset({'Sepsis'}),0.13512089214732542,0.01798467990800214,0.0032817724405847146,0.024287675935461724,1.350464732188818,1.0,0.0008516664464313871,1.0064598917857297,0.3000583159394587,0.021904213142527884,0.006418429426201929,0.10338183768115684
frozenset({'WBC_abnormal'}),frozenset({'Lactate_high'}),0.294850567899962,0.09087559028739668,0.0423215930834101,0.14353573535516856,1.5794751362960355,1.0,0.015526873678926922,1.0614855134552632,0.5202844571500708,0.12324120697288737,0.057924025034614406,0.30462243813796225
frozenset({'Lactate_high'}),frozenset({'WBC_abnormal'}),0.09087559028739668,0.294850567899962,0.0423215930834101,0.46570914092075594,1.5794751362960355,1.0,0.015526873678926922,1.3197856937235244,0.4035512472993969,0.12324120697288737,0.24230122757378128,0.30462243813796225
frozenset({'WBC_abnormal'}),frozenset({'Sepsis'}),0.294850567899962,0.01798467990800214,0.007473215608712738,0.025345773155330258,1.4092979850062752,1.0,0.0021704225243392716,1.007552517646344,0.4118656900741801,0.024473296679648763,0.00749590469386823,0.22043904218735133
frozenset({'Sepsis'}),frozenset({'WBC_abnormal'}),0.01798467990800214,0.294850567899962,0.007473215608712738,0.4155323112193724,1.4092979850062752,1.0,0.0021704225243392716,1.2064814627668952,0.295745750107127,0.024473296679648763,0.17114350210848578,0.22043904218735133
frozenset({'Lactate_high'}),frozenset({'Sepsis'}),0.09087559028739668,0.01798467990800214,0.0027657340179486024,0.03043428944122276,1.6922341457787784,1.0,0.001131365615179025,1.0128403979200602,0.449955169063445,0.02606858107492668,0.012677612333027867,0.09210853317167887
frozenset({'Sepsis'}),frozenset({'Lactate_high'}),0.01798467990800214,0.09087559028739668,0.0027657340179486024,0.153782776902135,1.6922341457787786,1.0,0.001131365615179025,1.074339288893749,0.4165568694321558,0.02606858107492668,0.06919535538004619,0.09210853317167887
"frozenset({'HR_high', 'Resp_high'})",frozenset({'Temp_abnormal'}),0.1320742683013252,0.12109250681286682,0.021121497735486824,0.15992136853863528,1.3206545371611933,1.0,0.005128293501404202,1.0462205087376446,0.27974710279692633,0.09102317433082627,0.044178553518716204,0.1671729251065126
"frozenset({'HR_high', 'Temp_abnormal'})",frozenset({'Resp_high'}),0.04668182784545905,0.2893190998640648,0.021121497735486824,0.4524565277394425,1.5638667753080493,1.0,0.007615553323229376,1.2979442476080625,0.3782151147656188,0.0670780486906635,0.22955088260311157,0.26273034365880304
"frozenset({'Resp_high', 'Temp_abnormal'})",frozenset({'HR_high'}),0.0404603758512057,0.33001204733895545,0.021121497735486824,0.5220292024266356,1.5818489253225938,1.0,0.0077690862647267975,1.4017340725888328,0.38333839405819226,0.060459258002530124,0.2865979221343165,0.29301570224250684
frozenset({'HR_high'}),"frozenset({'Resp_high', 'Temp_abnormal'})",0.33001204733895545,0.0404603758512057,0.021121497735486824,0.06400220205837798,1.581848925322594,1.0,0.0077690862647267975,1.0251515828978912,0.5490074516944177,0.060459258002530124,0.024534501353246543,0.29301570224250684
frozenset({'Resp_high'}),"frozenset({'HR_high', 'Temp_abnormal'})",0.2893190998640648,0.04668182784545905,0.021121497735486824,0.07300415957816356,1.5638667753080495,1.0,0.007615553323229376,1.0283953072763803,0.5073435093311411,0.0670780486906635,0.02761127659322268,0.26273034365880304
frozenset({'Temp_abnormal'}),"frozenset({'HR_high', 'Resp_high'})",0.12109250681286682,0.1320742683013252,0.021121497735486824,0.1744244816743899,1.3206545371611933,1.0,0.005128293501404202,1.0512978067214944,0.2762517224709914,0.09102317433082627,0.04879474340526612,0.1671729251065126
"frozenset({'HR_high', 'SBP_low'})",frozenset({'Temp_abnormal'}),0.050611064224557245,0.12109250681286682,0.00877265318481391,0.17333469112386868,1.4314237576379152,1.0,0.0026440325453952725,1.0631962944979827,0.31746194301719605,0.05384277766574536,0.0594399122956148,0.12289028542711913
"frozenset({'HR_high', 'Temp_abnormal'})",frozenset({'SBP_low'}),0.04668182784545905,0.13512089214732542,0.00877265318481391,0.18792437206734752,1.3907869396129302,1.0,0.0024649629592676256,1.065022860068399,0.29474168737752576,0.05070016643147827,0.061053018208663636,0.1264244242760356
"frozenset({'SBP_low', 'Temp_abnormal'})",frozenset({'HR_high'}),0.020762010294998745,0.33001204733895545,0.00877265318481391,0.4225339001458404,1.2803590158387634,1.0,0.0019209396604889049,1.1602204057177583,0.22361169270064563,0.02565092736664042,0.1380948007190406,0.22455836360698964
frozenset({'HR_high'}),"frozenset({'SBP_low', 'Temp_abnormal'})",0.33001204733895545,0.020762010294998745,0.00877265318481391,0.02658282706813887,1.2803590158387634,1.0,0.0019209396604889049,1.005979776127853,0.3268253758370069,0.02565092736664042,0.005944230957475072,0.22455836360698964
frozenset({'SBP_low'}),"frozenset({'HR_high', 'Temp_abnormal'})",0.13512089214732542,0.04668182784545905,0.00877265318481391,0.06492447648472366,1.3907869396129302,1.0,0.0024649629592676256,1.01950927832084,0.3248807886759027,0.05070016643147827,0.019135949751209944,0.1264244242760356
frozenset({'Temp_abnormal'}),"frozenset({'HR_high', 'SBP_low'})",0.12109250681286682,0.050611064224557245,0.00877265318481391,0.0724458797303696,1.4314237576379154,1.0,0.0026440325453952725,1.0235402064727666,0.3429198847052364,0.05384277766574536,0.02299880974279324,0.12289028542711913
"frozenset({'HR_high', 'WBC_abnormal'})",frozenset({'Temp_abnormal'}),0.11834738856211466,0.12109250681286682,0.01778303193511187,0.1502612955906369,1.2408802125374012,1.0,0.0034520499793690047,1.0343267743677096,0.22017792181829815,0.08022775229757773,0.033187552733219876,0.14855811413142006
"frozenset({'HR_high', 'Temp_abnormal'})",frozenset({'WBC_abnormal'}),0.04668182784545905,0.294850567899962,0.01778303193511187,0.38094120894286504,1.291980584117824,1.0,0.00401886848427001,1.1390669873145496,0.2370610012205922,0.0549283919073005,0.12208850652621606,0.22062661207516446
"frozenset({'WBC_abnormal', 'Temp_abnormal'})",frozenset({'HR_high'}),0.039536531783714836,0.33001204733895545,0.01778303193511187,0.4497873519203506,1.3629422184650546,1.0,0.004735500136486454,1.217689115289215,0.2772548769546744,0.05055364880753972,0.17877232583910502,0.2518366801300305
frozenset({'HR_high'}),"frozenset({'WBC_abnormal', 'Temp_abnormal'})",0.33001204733895545,0.039536531783714836,0.01778303193511187,0.053886008339710446,1.3629422184650548,1.0,0.004735500136486454,1.0151667522967442,0.3974596552700807,0.05055364880753972,0.01494015861180498,0.2518366801300305
frozenset({'WBC_abnormal'}),"frozenset({'HR_high', 'Temp_abnormal'})",0.294850567899962,0.04668182784545905,0.01778303193511187,0.06031201520746388,1.2919805841178238,1.0,0.00401886848427001,1.0145050139861203,0.32049172853999974,0.0549283919073005,0.01429762671071297,0.22062661207516446
frozenset({'Temp_abnormal'}),"frozenset({'HR_high', 'WBC_abnormal'})",0.12109250681286682,0.11834738856211466,0.01778303193511187,0.14685493267220326,1.2408802125374014,1.0,0.0034520499793690047,1.0334146503353518,0.22086561015442135,0.08022775229757773,0.03233421388453181,0.14855811413142006
"frozenset({'HR_high', 'Lactate_high'})",frozenset({'Temp_abnormal'}),0.040988654885614706,0.12109250681286682,0.007808221825655034,0.19049714725806705,1.5731538826961138,1.0,0.0028448028546684883,1.0857373636301764,0.37990611790465273,0.05061303577990846,0.07896694587677487,0.12748930441893142
"frozenset({'HR_high', 'Temp_abnormal'})",frozenset({'Lactate_high'}),0.04668182784545905,0.09087559028739668,0.007808221825655034,0.16726469776428374,1.8405899453891226,1.0,0.003565983164504311,1.0917327598239184,0.4790592983271972,0.06017934636888151,0.08402492184874405,0.12659340036451083
"frozenset({'Lactate_high', 'Temp_abnormal'})",frozenset({'HR_high'}),0.015507566630803821,0.33001204733895545,0.007808221825655034,0.503510448257239,1.5257335370550376,1.0,0.0026905380125781973,1.3494502559203418,0.35000528879454107,0.023120990310931535,0.2589574935328107,0.263585431371986
frozenset({'HR_high'}),"frozenset({'Lactate_high', 'Temp_abnormal'})",0.33001204733895545,0.015507566630803821,0.007808221825655034,0.023660414486732985,1.5257335370550376,1.0,0.0026905380125781973,1.008350422308897,0.5143041111244462,0.023120990310931535,0.00828127020542752,0.263585431371986
frozenset({'Lactate_high'}),"frozenset({'HR_high', 'Temp_abnormal'})",0.09087559028739668,0.04668182784545905,0.007808221825655034,0.0859221029647379,1.8405899453891226,1.0,0.003565983164504311,1.042928808634966,0.5023470162673263,0.06017934636888151,0.04116178235708452,0.12659340036451083
frozenset({'Temp_abnormal'}),"frozenset({'HR_high', 'Lactate_high'})",0.12109250681286682,0.040988654885614706,0.007808221825655034,0.06448146157979581,1.5731538826961138,1.0,0.0028448028546684883,1.025112069648404,0.41453085788102706,0.05061303577990846,0.024496901745598244,0.12748930441893142
"frozenset({'HR_high', 'Sepsis'})",frozenset({'Temp_abnormal'}),0.00861352523176632,0.12109250681286682,0.002363726557617848,0.2744203440538519,2.2662041713112266,1.0,0.0013206931948073848,1.21131771816431,0.5635879716952944,0.01856198965911506,0.17445275916920552,0.14697017543188762
"frozenset({'HR_high', 'Temp_abnormal'})",frozenset({'Sepsis'}),0.04668182784545905,0.01798467990800214,0.002363726557617848,0.05063483301131659,2.8154425472308255,1.0,0.001524168826296806,1.0343915642143036,0.6763912307382517,0.03793934255017734,0.03324810971406811,0.09103241865496337
"frozenset({'Sepsis', 'Temp_abnormal'})",frozenset({'HR_high'}),0.0043421959657520565,0.33001204733895545,0.002363726557617848,0.5443620178041544,1.6495216529020833,1.0,0.0009307495770130591,1.4704392057751356,0.395480897130169,0.007119861677912127,0.3199310817662438,0.27576228203540326
frozenset({'HR_high'}),"frozenset({'Sepsis', 'Temp_abnormal'})",0.33001204733895545,0.0043421959657520565,0.002363726557617848,0.00716254626665209,1.6495216529020833,1.0,0.0009307495770130591,1.0028406969240482,0.5877174955313389,0.007119861677912127,0.0028326502232719113,0.27576228203540326
frozenset({'Sepsis'}),"frozenset({'HR_high', 'Temp_abnormal'})",0.01798467990800214,0.04668182784545905,0.002363726557617848,0.13143000429861013,2.815442547230826,1.0,0.001524168826296806,1.0975720746428903,0.6566252466288839,0.03793934255017734,0.08889810236347061,0.09103241865496337
frozenset({'Temp_abnormal'}),"frozenset({'HR_high', 'Sepsis'})",0.12109250681286682,0.00861352523176632,0.002363726557617848,0.019520006809923336,2.2662041713112266,1.0,0.0013206931948073848,1.011123614611117,0.6357136522464644,0.01856198965911506,0.011001241045483027,0.14697017543188762
"frozenset({'HR_high', 'Resp_high'})",frozenset({'SBP_low'}),0.1320742683013252,0.13512089214732542,0.019731866177901188,0.1493997765929944,1.1056748828308531,1.0,0.0018858732153209032,1.0167868336413974,0.11011887520944369,0.07973653723494266,0.01650968825125241,0.1477154888610164
"frozenset({'HR_high', 'SBP_low'})",frozenset({'Resp_high'}),0.050611064224557245,0.2893190998640648,0.019731866177901188,0.3898725798444481,1.347552166544234,1.0,0.005089118633289914,1.1648073445949163,0.2716628467706748,0.06162389465106687,0.14148892978712388,0.2290368145456798
"frozenset({'Resp_high', 'SBP_low'})",frozenset({'HR_high'}),0.03967762094046553,0.33001204733895545,0.019731866177901188,0.4973046697408587,1.506928834116401,1.0,0.006637773257799148,1.3327912799899362,0.3502976324317626,0.056383558415929076,0.24969497098784207,0.27854801040259347
frozenset({'HR_high'}),"frozenset({'Resp_high', 'SBP_low'})",0.33001204733895545,0.03967762094046553,0.019731866177901188,0.059791351064328216,1.5069288341164009,1.0,0.006637773257799148,1.0213928367353688,0.5020965741543428,0.056383558415929076,0.02094476871773052,0.27854801040259347
frozenset({'Resp_high'}),"frozenset({'HR_high', 'SBP_low'})",0.2893190998640648,0.050611064224557245,0.019731866177901188,0.06820104924691149,1.347552166544234,1.0,0.005089118633289914,1.018877446693987,0.36291069724261027,0.06162389465106687,0.018527691191162956,0.2290368145456798
frozenset({'SBP_low'}),"frozenset({'HR_high', 'Resp_high'})",0.13512089214732542,0.1320742683013252,0.019731866177901188,0.14603120112903842,1.1056748828308531,1.0,0.0018858732153209032,1.0163436097971796,0.11050678004846887,0.07973653723494266,0.016080791613813747,0.1477154888610164
"frozenset({'HR_high', 'WBC_abnormal'})",frozenset({'Resp_high'}),0.11834738856211466,0.2893190998640648,0.0505550151074919,0.42717474142623846,1.476483030767566,1.0,0.01631485517743817,1.2406591530293392,0.36603404423246166,0.141566482414236,0.19397684887240588,0.30095632618692814
"frozenset({'HR_high', 'Resp_high'})",frozenset({'WBC_abnormal'}),0.1320742683013252,0.294850567899962,0.0505550151074919,0.38277717346236956,1.2982073468219997,1.0,0.011612842093874212,1.142455207069447,0.26466207431138566,0.13432271206169066,0.1246921596469975,0.277118479448645
"frozenset({'WBC_abnormal', 'Resp_high'})",frozenset({'HR_high'}),0.09925912086637761,0.33001204733895545,0.0505550151074919,0.5093236235242193,1.543348576608456,1.0,0.01779830941331379,1.3654375567724415,0.3908540665066262,0.13349051709033133,0.2676340305420087,0.33125752321437496
frozenset({'HR_high'}),"frozenset({'WBC_abnormal', 'Resp_high'})",0.33001204733895545,0.09925912086637761,0.0505550151074919,0.1531914229045306,1.5433485766084563,1.0,0.01779830941331379,1.0636888943935114,0.525469501473619,0.13349051709033133,0.059875490596172094,0.33125752321437496
frozenset({'WBC_abnormal'}),"frozenset({'HR_high', 'Resp_high'})",0.294850567899962,0.1320742683013252,0.0505550151074919,0.17145978543492035,1.298207346822,1.0,0.011612842093874212,1.0475360355975836,0.3257565191756553,0.13432271206169066,0.04537890247419113,0.277118479448645
frozenset({'Resp_high'}),"frozenset({'HR_high', 'WBC_abnormal'})",0.2893190998640648,0.11834738856211466,0.0505550151074919,0.1747379109476178,1.4764830307675658,1.0,0.01631485517743817,1.0683304408787933,0.4540925060895728,0.141566482414236,0.06396002422488828,0.30095632618692814
"frozenset({'HR_high', 'Lactate_high'})",frozenset({'Resp_high'}),0.040988654885614706,0.2893190998640648,0.016488748300809812,0.402275906511796,1.3904229160840174,1.0,0.004629947564664965,1.1889781721672565,0.29279566269532326,0.05254222326236417,0.15894166654278377,0.2296337357821069
"frozenset({'HR_high', 'Resp_high'})",frozenset({'Lactate_high'}),0.1320742683013252,0.09087559028739668,0.016488748300809812,0.12484451750428033,1.373795945747983,1.0,0.004486421207150879,1.0388147339487754,0.3134944033584107,0.07986370061565633,0.037364443033294045,0.1531438059171361
"frozenset({'Lactate_high', 'Resp_high'})",frozenset({'HR_high'}),0.03023431107904214,0.33001204733895545,0.016488748300809812,0.5453654378862135,1.6525622088155725,1.0,0.006511061401732252,1.4736845996617371,0.4071901726583518,0.04796620588323488,0.3214287506095025,0.29766475889250626
frozenset({'HR_high'}),"frozenset({'Lactate_high', 'Resp_high'})",0.33001204733895545,0.03023431107904214,0.016488748300809812,0.04996407989879901,1.6525622088155723,1.0,0.006511061401732252,1.020767392476755,0.5893823265649741,0.04796620588323488,0.02034488232070765,0.29766475889250626
frozenset({'Lactate_high'}),"frozenset({'HR_high', 'Resp_high'})",0.09087559028739668,0.1320742683013252,0.016488748300809812,0.1814430943299919,1.373795945747983,1.0,0.004486421207150879,1.0603120267958122,0.29928781639941054,0.07986370061565633,0.05688139460048464,0.1531438059171361
frozenset({'Resp_high'}),"frozenset({'HR_high', 'Lactate_high'})",0.2893190998640648,0.040988654885614706,0.016488748300809812,0.05699156505241781,1.3904229160840174,1.0,0.004629947564664965,1.0169700604721448,0.395106104964114,0.05254222326236417,0.016686883057566295,0.2296337357821069
"frozenset({'HR_high', 'Resp_high'})",frozenset({'Sepsis'}),0.1320742683013252,0.01798467990800214,0.004461380869856527,0.03377933436419244,1.8782282774553356,1.0,0.0020860674303736,1.0163468398244173,0.5387365956236254,0.030641864087292806,0.0160839185835824,0.14092247990598217
"frozenset({'HR_high', 'Sepsis'})",frozenset({'Resp_high'}),0.00861352523176632,0.2893190998640648,0.004461380869856527,0.5179506357516829,1.7902400359846258,1.0,0.001969323503145485,1.4742907113758656,0.44525086691489774,0.015202105683721562,0.3217077254276662,0.26668545673627736
"frozenset({'Sepsis', 'Resp_high'})",frozenset({'HR_high'}),0.007619458707262548,0.33001204733895545,0.004461380869856527,0.585524646994166,1.774252339317702,1.0,0.0019468677022581827,1.6164723615100318,0.43973283900646293,0.01339069902349415,0.38136894647190406,0.2995217447149306
frozenset({'HR_high'}),"frozenset({'Sepsis', 'Resp_high'})",0.33001204733895545,0.007619458707262548,0.004461380869856527,0.013518842435695209,1.7742523393177019,1.0,0.0019468677022581827,1.0059802295088927,0.6513285963788026,0.01339069902349415,0.0059446789643293006,0.2995217447149306
frozenset({'Resp_high'}),"frozenset({'HR_high', 'Sepsis'})",0.2893190998640648,0.00861352523176632,0.004461380869856527,0.015420277720871818,1.7902400359846258,1.0,0.001969323503145485,1.0069133583955487,0.621116576024245,0.015202105683721562,0.006865892023286661,0.26668545673627736
frozenset({'Sepsis'}),"frozenset({'HR_high', 'Resp_high'})",0.01798467990800214,0.1320742683013252,0.004461380869856527,0.2480656254477719,1.8782282774553356,1.0,0.0020860674303736,1.1542572876995,0.4761466999371086,0.030641864087292806,0.133642030544978,0.14092247990598217
"frozenset({'HR_high', 'WBC_abnormal'})",frozenset({'SBP_low'}),0.11834738856211466,0.13512089214732542,0.019027708879597476,0.16077844311377246,1.1898858907656709,1.0,0.0030365041537783674,1.0305730361141394,0.18100471299189363,0.08116218422043359,0.029666054750876927,0.1507991654863976
"frozenset({'HR_high', 'SBP_low'})",frozenset({'WBC_abnormal'}),0.050611064224557245,0.294850567899962,0.019027708879597476,0.3759594699525197,1.2750847747394425,1.0,0.004105007850965322,1.129973772771436,0.22723923981645028,0.05828961858636573,0.11502370754380892,0.22024643368930638
"frozenset({'WBC_abnormal', 'SBP_low'})",frozenset({'HR_high'}),0.044275581267998534,0.33001204733895545,0.019027708879597476,0.42975627500909414,1.3022442013084794,1.0,0.004416233658222975,1.1749150815674991,0.24284706712776052,0.05355996503686724,0.14887465852777887,0.24370694698745377
frozenset({'HR_high'}),"frozenset({'WBC_abnormal', 'SBP_low'})",0.33001204733895545,0.044275581267998534,0.019027708879597476,0.05765761896581342,1.3022442013084794,1.0,0.004416233658222975,1.0142008233601132,0.34641648577354345,0.05355996503686724,0.014001983663417728,0.24370694698745377
frozenset({'WBC_abnormal'}),"frozenset({'HR_high', 'SBP_low'})",0.294850567899962,0.050611064224557245,0.019027708879597476,0.06453339742609303,1.2750847747394425,1.0,0.004105007850965322,1.0148827688377424,0.3059470946651121,0.05828961858636573,0.014664520173878249,0.22024643368930638
frozenset({'SBP_low'}),"frozenset({'HR_high', 'WBC_abnormal'})",0.13512089214732542,0.11834738856211466,0.019027708879597476,0.14081988785902277,1.1898858907656709,1.0,0.0030365041537783674,1.026155748927788,0.18451512638348033,0.08116218422043359,0.025489063385473066,0.1507991654863976
"frozenset({'HR_high', 'Lactate_high'})",frozenset({'SBP_low'}),0.040988654885614706,0.13512089214732542,0.00830171175292003,0.2025368184461594,1.4989304409367639,1.0,0.0027632881368569416,1.0845379797566017,0.3470841468700388,0.0494715383168313,0.07794838109364731,0.13198798049362934
"frozenset({'HR_high', 'SBP_low'})",frozenset({'Lactate_high'}),0.050611064224557245,0.09087559028739668,0.00830171175292003,0.16402958286128896,1.8049905628402596,1.0,0.0037024014164400458,1.0875078723769647,0.469755298478237,0.06233220948962662,0.08046642658843366,0.12769103808095855
"frozenset({'Lactate_high', 'SBP_low'})",frozenset({'HR_high'}),0.016140857229369737,0.33001204733895545,0.00830171175292003,0.5143290492536122,1.5585159796464787,1.0,0.002975034412849943,1.3795100399383475,0.36424317078403823,0.024572095435684647,0.2751049495481079,0.26974241658538867
frozenset({'HR_high'}),"frozenset({'Lactate_high', 'SBP_low'})",0.33001204733895545,0.016140857229369737,0.00830171175292003,0.02515578391716512,1.5585159796464785,1.0,0.002975034412849943,1.0092475562136682,0.5348812203925418,0.024572095435684647,0.009162822497546335,0.26974241658538867
frozenset({'Lactate_high'}),"frozenset({'HR_high', 'SBP_low'})",0.09087559028739668,0.050611064224557245,0.00830171175292003,0.09135249330062811,1.8049905628402596,1.0,0.0037024014164400458,1.044837441115161,0.4905604536986466,0.06233220948962662,0.04291331775716771,0.12769103808095855
frozenset({'SBP_low'}),"frozenset({'HR_high', 'Lactate_high'})",0.13512089214732542,0.040988654885614706,0.00830171175292003,0.061439142541099286,1.4989304409367636,1.0,0.0027632881368569416,1.021789197251261,0.3848603019029274,0.0494715383168313,0.02132455237330416,0.13198798049362934
"frozenset({'HR_high', 'WBC_abnormal'})",frozenset({'Lactate_high'}),0.11834738856211466,0.09087559028739668,0.01988004200462566,0.16798040283070223,1.8484656033535447,1.0,0.009125153210071594,1.0926718707175072,0.5206254199059954,0.10499489622320517,0.08481216841123018,0.19337073991724396
"frozenset({'HR_high', 'Lactate_high'})",frozenset({'WBC_abnormal'}),0.040988654885614706,0.294850567899962,0.01988004200462566,0.48501328136051425,1.6449460647641396,1.0,0.007794513834146614,1.369257510102265,0.40883492593194903,0.06291965296114674,0.2696771844433313,0.2762187039572908
"frozenset({'WBC_abnormal', 'Lactate_high'})",frozenset({'HR_high'}),0.0423215930834101,0.33001204733895545,0.01988004200462566,0.469737563173598,1.4233951971187597,1.0,0.005913406424523317,1.2635025718036788,0.3105994881925289,0.05640470715541728,0.20854929596820893,0.26498895775146925
frozenset({'HR_high'}),"frozenset({'WBC_abnormal', 'Lactate_high'})",0.33001204733895545,0.0423215930834101,0.01988004200462566,0.06024035232934047,1.42339519711876,1.0,0.005913406424523317,1.0190673852514787,0.44396980850163914,0.05640470715541728,0.01871062260203077,0.26498895775146925
frozenset({'WBC_abnormal'}),"frozenset({'HR_high', 'Lactate_high'})",0.294850567899962,0.040988654885614706,0.01988004200462566,0.06742412655406733,1.6449460647641396,1.0,0.007794513834146614,1.0283467248308407,0.5560202056464472,0.06291965296114674,0.027565337785758474,0.2762187039572908
frozenset({'Lactate_high'}),"frozenset({'HR_high', 'WBC_abnormal'})",0.09087559028739668,0.11834738856211466,0.01988004200462566,0.21876107700378566,1.8484656033535447,1.0,0.009125153210071594,1.1285313435953288,0.5048932314843149,0.10499489622320517,0.11389257757418371,0.19337073991724396
"frozenset({'HR_high', 'WBC_abnormal'})",frozenset({'Sepsis'}),0.11834738856211466,0.01798467990800214,0.0039053993982772948,0.03299945563418617,1.8348647739626063,1.0,0.0017769594970397091,1.015527163675002,0.516077084763873,0.029491033986203136,0.015289757113745852,0.1250754549986377
"frozenset({'HR_high', 'Sepsis'})",frozenset({'WBC_abnormal'}),0.00861352523176632,0.294850567899962,0.0039053993982772948,0.45340314136125653,1.537738742002657,1.0,0.0013656965920703433,1.2900722368880004,0.35273274737463073,0.013037175952410648,0.22484960810235896,0.2333242464076805
"frozenset({'WBC_abnormal', 'Sepsis'})",frozenset({'HR_high'}),0.007473215608712738,0.33001204733895545,0.0039053993982772948,0.5225862068965518,1.583536756037889,1.0,0.001439148215040566,1.403369492753362,0.37127681759891795,0.011707539408172487,0.2874292870382731,0.26721015924937225
frozenset({'HR_high'}),"frozenset({'WBC_abnormal', 'Sepsis'})",0.33001204733895545,0.007473215608712738,0.0039053993982772948,0.011834111602192686,1.5835367560378888,1.0,0.001439148215040566,1.0044131213642182,0.5500131523662104,0.011707539408172487,0.004393731294772532,0.26721015924937225
frozenset({'WBC_abnormal'}),"frozenset({'HR_high', 'Sepsis'})",0.294850567899962,0.00861352523176632,0.0039053993982772948,0.013245351454104484,1.5377387420026567,1.0,0.0013656965920703433,1.0046939999007491,0.4959154174082051,0.013037175952410648,0.004672069208348835,0.2333242464076805
frozenset({'Sepsis'}),"frozenset({'HR_high', 'WBC_abnormal'})",0.01798467990800214,0.11834738856211466,0.0039053993982772948,0.21715145436308925,1.8348647739626063,1.0,0.0017769594970397091,1.1262109591333398,0.46333361626445285,0.029491033986203136,0.1120668895199383,0.1250754549986377
"frozenset({'Resp_high', 'SBP_low'})",frozenset({'Temp_abnormal'}),0.03967762094046553,0.12109250681286682,0.0069017723117361695,0.17394622329025133,1.4364738815677776,1.0,0.0020971097276845,1.063983384578067,0.31640510156295126,0.04485504697784253,0.06013569902075135,0.1154710447269884
"frozenset({'Resp_high', 'Temp_abnormal'})",frozenset({'SBP_low'}),0.0404603758512057,0.13512089214732542,0.0069017723117361695,0.17058102319952867,1.262432629689421,1.0,0.001434730230105154,1.0427529777399023,0.2166440209120479,0.04091648652158303,0.04100010132080056,0.11082976094179431
"frozenset({'SBP_low', 'Temp_abnormal'})",frozenset({'Resp_high'}),0.020762010294998745,0.2893190998640648,0.0069017723117361695,0.33242312346789954,1.148984369245193,1.0,0.0008949261818186867,1.064567879923807,0.13241534987103307,0.022764652633457855,0.060651726528164814,0.17813917438548044
frozenset({'Resp_high'}),"frozenset({'SBP_low', 'Temp_abnormal'})",0.2893190998640648,0.020762010294998745,0.0069017723117361695,0.02385522530306134,1.148984369245193,1.0,0.0008949261818186867,1.00316880762797,0.18245339221722853,0.022764652633457855,0.003158798004757186,0.17813917438548044
frozenset({'SBP_low'}),"frozenset({'Resp_high', 'Temp_abnormal'})",0.13512089214732542,0.0404603758512057,0.0069017723117361695,0.05107849868405996,1.262432629689421,1.0,0.001434730230105154,1.0111896746128415,0.24035558324001102,0.04091648652158303,0.011065851337065495,0.11082976094179431
frozenset({'Temp_abnormal'}),"frozenset({'Resp_high', 'SBP_low'})",0.12109250681286682,0.03967762094046553,0.0069017723117361695,0.05699586616372545,1.4364738815677776,1.0,0.0020971097276845,1.0183649727523534,0.3457143126379198,0.04485504697784253,0.018033782822201926,0.1154710447269884
"frozenset({'WBC_abnormal', 'Resp_high'})",frozenset({'Temp_abnormal'}),0.09925912086637761,0.12109250681286682,0.015072702791503727,0.1518520682023223,1.2540170502621646,1.0,0.0030531670217527253,1.0362667410203543,0.22488451600187467,0.07342547609184147,0.03499749590018149,0.1381623490813964
"frozenset({'WBC_abnormal', 'Temp_abnormal'})",frozenset({'Resp_high'}),0.039536531783714836,0.2893190998640648,0.015072702791503727,0.38123482540044645,1.3176967078204234,1.0,0.003634029004092364,1.1485470244763967,0.2510246687491123,0.04803544554333476,0.12933473450433314,0.21666599158524252
"frozenset({'Resp_high', 'Temp_abnormal'})",frozenset({'WBC_abnormal'}),0.0404603758512057,0.294850567899962,0.015072702791503727,0.3725299746827381,1.2634534752164066,1.0,0.0031429379943298183,1.1237977969441644,0.21731102677472475,0.04706715458570805,0.11016020611607877,0.21182488858025295
frozenset({'WBC_abnormal'}),"frozenset({'Resp_high', 'Temp_abnormal'})",0.294850567899962,0.0404603758512057,0.015072702791503727,0.051119802477767824,1.2634534752164066,1.0,0.0031429379943298183,1.0112336906749626,0.2957083016202811,0.04706715458570805,0.011108896764964842,0.21182488858025295
frozenset({'Resp_high'}),"frozenset({'WBC_abnormal', 'Temp_abnormal'})",0.2893190998640648,0.039536531783714836,0.015072702791503727,0.052097157770038566,1.3176967078204234,1.0,0.003634029004092364,1.0132509635236187,0.339252150871791,0.04803544554333476,0.013077671771994167,0.21666599158524252
frozenset({'Temp_abnormal'}),"frozenset({'WBC_abnormal', 'Resp_high'})",0.12109250681286682,0.09925912086637761,0.015072702791503727,0.12447262996047052,1.2540170502621646,1.0,0.0030531670217527253,1.0287980821124467,0.2304709861017637,0.07342547609184147,0.027991967144140855,0.1381623490813964
"frozenset({'Lactate_high', 'Resp_high'})",frozenset({'Temp_abnormal'}),0.03023431107904214,0.12109250681286682,0.005859387582865721,0.19379927551672704,1.6004233508537349,1.0,0.0021982390625444755,1.090184449723065,0.386861828551514,0.040279721518538855,0.08272402871456667,0.12109348648230094
"frozenset({'Lactate_high', 'Temp_abnormal'})",frozenset({'Resp_high'}),0.015507566630803821,0.2893190998640648,0.005859387582865721,0.3778405550247186,1.3059647814549582,1.0,0.0013727523641595511,1.1422809793784787,0.2379729483872089,0.019598758781192084,0.12455865233429221,0.19904644544530725
"frozenset({'Resp_high', 'Temp_abnormal'})",frozenset({'Lactate_high'}),0.0404603758512057,0.09087559028739668,0.005859387582865721,0.14481792271069854,1.5935843965657628,1.0,0.0021825270441374724,1.0630770146566735,0.38819013437122385,0.04669706211556432,0.059334379153183625,0.10464747317318307
frozenset({'Lactate_high'}),"frozenset({'Resp_high', 'Temp_abnormal'})",0.09087559028739668,0.0404603758512057,0.005859387582865721,0.0644770236356676,1.5935843965657626,1.0,0.0021825270441374724,1.0256718951765316,0.40971709884083457,0.04669706211556432,0.025029344468986376,0.10464747317318307
frozenset({'Resp_high'}),"frozenset({'Lactate_high', 'Temp_abnormal'})",0.2893190998640648,0.015507566630803821,0.005859387582865721,0.020252335865895914,1.3059647814549582,1.0,0.0013727523641595511,1.0048428482238696,0.3296592985529133,0.019598758781192084,0.00481950807773527,0.19904644544530725
frozenset({'Temp_abnormal'}),"frozenset({'Lactate_high', 'Resp_high'})",0.12109250681286682,0.03023431107904214,0.005859387582865721,0.04838769744787483,1.600423350853735,1.0,0.0021982390625444755,1.0190764519543802,0.42685416905713186,0.040279721518538855,0.018719353114082286,0.12109348648230094
"frozenset({'Sepsis', 'Resp_high'})",frozenset({'Temp_abnormal'}),0.007619458707262548,0.12109250681286682,0.002058355506020448,0.2701445844254671,2.230894309942245,1.0,0.0011356961506009007,1.2042213764972456,0.5559855805103171,0.016251850269338175,0.16958790176210817,0.14357139575016953
"frozenset({'Resp_high', 'Temp_abnormal'})",frozenset({'Sepsis'}),0.0404603758512057,0.01798467990800214,0.002058355506020448,0.05087336592201009,2.8287056640565726,1.0,0.0013306885973790542,1.0346515257639535,0.6737412474920844,0.036504273113660245,0.03349101112895759,0.08266193013108672
"frozenset({'Sepsis', 'Temp_abnormal'})",frozenset({'Resp_high'}),0.0043421959657520565,0.2893190998640648,0.002058355506020448,0.47403560830860536,1.6384525201804123,1.0,0.0008020752777756898,1.3511958439820038,0.3913673960931385,0.0070587611487553815,0.25991483436407115,0.24057504511590452
frozenset({'Resp_high'}),"frozenset({'Sepsis', 'Temp_abnormal'})",0.2893190998640648,0.0043421959657520565,0.002058355506020448,0.0071144819232036765,1.6384525201804123,1.0,0.0008020752777756898,1.0027921506628694,0.5483023422891516,0.0070587611487553815,0.002784376264835926,0.24057504511590452
frozenset({'Sepsis'}),"frozenset({'Resp_high', 'Temp_abnormal'})",0.01798467990800214,0.0404603758512057,0.002058355506020448,0.11445049434016334,2.8287056640565726,1.0,0.0013306885973790542,1.0835527748771385,0.6583211179755631,0.036504273113660245,0.07711001883282739,0.08266193013108672
frozenset({'Temp_abnormal'}),"frozenset({'Sepsis', 'Resp_high'})",0.12109250681286682,0.007619458707262548,0.002058355506020448,0.016998207074871916,2.2308943099422454,1.0,0.0011356961506009007,1.0095409270207951,0.6277671718749465,0.016251850269338175,0.009450758028157242,0.14357139575016953
"frozenset({'WBC_abnormal', 'SBP_low'})",frozenset({'Temp_abnormal'}),0.044275581267998534,0.12109250681286682,0.00741909921982206,0.16756638777737357,1.3837882474125858,1.0,0.002057658093483309,1.0558289337217173,0.29019461636283417,0.04697148917077946,0.0528768742157165,0.11441720839169539
"frozenset({'WBC_abnormal', 'Temp_abnormal'})",frozenset({'SBP_low'}),0.039536531783714836,0.13512089214732542,0.00741909921982206,0.1876517459955352,1.3887692940254877,1.0,0.0020768877727954244,1.064665435777401,0.2914613683367849,0.044362434463709945,0.060737799504295566,0.12127943366451055
"frozenset({'SBP_low', 'Temp_abnormal'})",frozenset({'WBC_abnormal'}),0.020762010294998745,0.294850567899962,0.00741909921982206,0.3573401185341484,1.2119363414466546,1.0,0.0012974086935968222,1.0972358045622097,0.17858187186535762,0.024072862425556195,0.08861887677918617,0.19125117666607347
frozenset({'WBC_abnormal'}),"frozenset({'SBP_low', 'Temp_abnormal'})",0.294850567899962,0.020762010294998745,0.00741909921982206,0.025162234797998558,1.2119363414466546,1.0,0.0012974086935968222,1.0045138018448514,0.24799587894779712,0.024072862425556195,0.004493518990542223,0.19125117666607347
frozenset({'SBP_low'}),"frozenset({'WBC_abnormal', 'Temp_abnormal'})",0.13512089214732542,0.039536531783714836,0.00741909921982206,0.05490712133348591,1.3887692940254877,1.0,0.0020768877727954244,1.0162635756725396,0.3236729782718926,0.044362434463709945,0.016003304715291676,0.12127943366451055
frozenset({'Temp_abnormal'}),"frozenset({'WBC_abnormal', 'SBP_low'})",0.12109250681286682,0.044275581267998534,0.00741909921982206,0.0612680290060172,1.3837882474125858,1.0,0.002057658093483309,1.0181014903753902,0.31555776141673475,0.04697148917077946,0.017779652172708157,0.11441720839169539
"frozenset({'Lactate_high', 'SBP_low'})",frozenset({'Temp_abnormal'}),0.016140857229369737,0.12109250681286682,0.0035459119577892165,0.21968547936457253,1.814195486959971,1.0,0.001591375093776251,1.1263502984302014,0.4561542050565401,0.02652389511881298,0.11217673454368163,0.12448407485288016
"frozenset({'Lactate_high', 'Temp_abnormal'})",frozenset({'SBP_low'}),0.015507566630803821,0.13512089214732542,0.0035459119577892165,0.22865689003365045,1.6922393450773,1.0,0.0014505157196009109,1.1212638016438696,0.41551060141902046,0.024108312199138865,0.10814921650559532,0.12744970221635224
"frozenset({'SBP_low', 'Temp_abnormal'})",frozenset({'Lactate_high'}),0.020762010294998745,0.09087559028739668,0.0035459119577892165,0.17078846929593197,1.8793657213758777,1.0,0.0016591520166781986,1.0963721270743578,0.47782622007484504,0.03280466798982006,0.08790092770009082,0.10490393987560284
frozenset({'Lactate_high'}),"frozenset({'SBP_low', 'Temp_abnormal'})",0.09087559028739668,0.020762010294998745,0.0035459119577892165,0.03901941045527371,1.8793657213758774,1.0,0.0016591520166781986,1.0189987189740477,0.5146771796858334,0.03280466798982006,0.018644497407392324,0.10490393987560284
frozenset({'SBP_low'}),"frozenset({'Lactate_high', 'Temp_abnormal'})",0.13512089214732542,0.015507566630803821,0.0035459119577892165,0.026242514399054048,1.6922393450773,1.0,0.0014505157196009109,1.0110242518563288,0.4729759793797575,0.024108312199138865,0.010904042940698251,0.12744970221635224
frozenset({'Temp_abnormal'}),"frozenset({'Lactate_high', 'SBP_low'})",0.12109250681286682,0.016140857229369737,0.0035459119577892165,0.029282670341187797,1.814195486959971,1.0,0.001591375093776251,1.0135382492001428,0.5106242564057775,0.02652389511881298,0.013357413211417243,0.12448407485288016
"frozenset({'WBC_abnormal', 'Lactate_high'})",frozenset({'Temp_abnormal'}),0.0423215930834101,0.12109250681286682,0.007305712500241591,0.17262375936187055,1.4255527770074061,1.0,0.002180884701457376,1.0622827318672572,0.3117097832164406,0.046798974879597874,0.0586310310794357,0.11647771195465163
"frozenset({'WBC_abnormal', 'Temp_abnormal'})",frozenset({'Lactate_high'}),0.039536531783714836,0.09087559028739668,0.007305712500241591,0.18478384852286983,2.03337164510828,1.0,0.0037128068364800848,1.1151943052959834,0.529125786082743,0.059344696394835854,0.10329527755740259,0.13258815559889894
"frozenset({'Lactate_high', 'Temp_abnormal'})",frozenset({'WBC_abnormal'}),0.015507566630803821,0.294850567899962,0.007305712500241591,0.47110631049810975,1.597779898656829,1.0,0.002733297672402584,1.3332536312999774,0.3800248282537961,0.02410709160907396,0.24995516492615247,0.24794199436894476
frozenset({'WBC_abnormal'}),"frozenset({'Lactate_high', 'Temp_abnormal'})",0.294850567899962,0.015507566630803821,0.007305712500241591,0.024777678239779753,1.597779898656829,1.0,0.002733297672402584,1.0095056392805324,0.5305706150738463,0.02410709160907396,0.00941613291760012,0.24794199436894476
frozenset({'Lactate_high'}),"frozenset({'WBC_abnormal', 'Temp_abnormal'})",0.09087559028739668,0.039536531783714836,0.007305712500241591,0.08039246267492804,2.03337164510828,1.0,0.0037128068364800848,1.0444275728862051,0.5590059866331781,0.059344696394835854,0.04253772500799888,0.13258815559889894
frozenset({'Temp_abnormal'}),"frozenset({'WBC_abnormal', 'Lactate_high'})",0.12109250681286682,0.0423215930834101,0.007305712500241591,0.06033166454743271,1.4255527770074063,1.0,0.002180884701457376,1.019166413067807,0.3396463574665159,0.046798974879597874,0.018805970077167267,0.11647771195465163
"frozenset({'WBC_abnormal', 'Resp_high'})",frozenset({'SBP_low'}),0.09925912086637761,0.13512089214732542,0.014528317688972498,0.14636758377631093,1.083234290791412,1.0,0.0011163367237483502,1.0131750990417383,0.08530608492264369,0.06608235459596315,0.013003773043967774,0.12694423358629026
"frozenset({'WBC_abnormal', 'SBP_low'})",frozenset({'Resp_high'}),0.044275581267998534,0.2893190998640648,0.014528317688972498,0.3281338668606766,1.1341590203164904,1.0,0.001718546370556913,1.0577715784173376,0.12376938832597023,0.04553384296669615,0.054616308091560525,0.18917470836776648
"frozenset({'Resp_high', 'SBP_low'})",frozenset({'WBC_abnormal'}),0.03967762094046553,0.294850567899962,0.014528317688972498,0.3661589920114308,1.24184597852178,1.0,0.0028293486217568116,1.1125020678888526,0.20279352547632504,0.04540101105883348,0.1011252663128465,0.20771624300682975
frozenset({'WBC_abnormal'}),"frozenset({'Resp_high', 'SBP_low'})",0.294850567899962,0.03967762094046553,0.014528317688972498,0.04927349400222868,1.24184597852178,1.0,0.0028293486217568116,1.0100932003065302,0.2761785686521923,0.04540101105883348,0.00999234556124851,0.20771624300682975
frozenset({'Resp_high'}),"frozenset({'WBC_abnormal', 'SBP_low'})",0.2893190998640648,0.044275581267998534,0.014528317688972498,0.05021554987485637,1.1341590203164904,1.0,0.001718546370556913,1.0062540175363737,0.16644520303279223,0.04553384296669615,0.006215147892463224,0.18917470836776648
frozenset({'SBP_low'}),"frozenset({'WBC_abnormal', 'Resp_high'})",0.13512089214732542,0.09925912086637761,0.014528317688972498,0.1075208833962696,1.083234290791412,1.0,0.0011163367237483502,1.0092570933887302,0.08884325824385436,0.06608235459596315,0.009172185609959835,0.12694423358629026
"frozenset({'Lactate_high', 'Resp_high'})",frozenset({'SBP_low'}),0.03023431107904214,0.13512089214732542,0.0058342621165950485,0.1929682505859791,1.4281155750184167,1.0,0.0017489750301351095,1.0716791606781966,0.30912267147086314,0.03657364403699366,0.06688490670364018,0.11807317056895553
"frozenset({'Lactate_high', 'SBP_low'})",frozenset({'Resp_high'}),0.016140857229369737,0.2893190998640648,0.0058342621165950485,0.3614592480242676,1.2493445755710477,1.0,0.0011644038319594133,1.112976576572429,0.20285455471042702,0.01947183507424497,0.10150849438391299,0.1908123702244237
"frozenset({'Resp_high', 'SBP_low'})",frozenset({'Lactate_high'}),0.03967762094046553,0.09087559028739668,0.0058342621165950485,0.14704163148665325,1.6180542103950009,1.0,0.0022285348924306722,1.0658485141509901,0.39775573647338336,0.04677927578903869,0.06178036867034738,0.10562108655391518
frozenset({'Lactate_high'}),"frozenset({'Resp_high', 'SBP_low'})",0.09087559028739668,0.03967762094046553,0.0058342621165950485,0.06420054162117711,1.618054210395001,1.0,0.0022285348924306722,1.0262053161723292,0.4201556256260329,0.04677927578903869,0.025536133714521403,0.10562108655391518
frozenset({'Resp_high'}),"frozenset({'Lactate_high', 'SBP_low'})",0.2893190998640648,0.016140857229369737,0.0058342621165950485,0.020165492424579812,1.2493445755710477,1.0,0.0011644038319594133,1.0041074642341072,0.28082970608376273,0.01947183507424497,0.004090661986304629,0.1908123702244237
frozenset({'SBP_low'}),"frozenset({'Lactate_high', 'Resp_high'})",0.13512089214732542,0.03023431107904214,0.0058342621165950485,0.043178090551931954,1.4281155750184167,1.0,0.0017489750301351095,1.0135278878389775,0.34661093988536157,0.03657364403699366,0.01334732670042404,0.11807317056895553
"frozenset({'WBC_abnormal', 'Lactate_high'})",frozenset({'Resp_high'}),0.0423215930834101,0.2893190998640648,0.015096539772324622,0.356710101686659,1.2329296678105854,1.0,0.0028520945566191808,1.1047599255006,0.19727261834965934,0.04769173469450058,0.09482596452177627,0.2044448246941013
"frozenset({'WBC_abnormal', 'Resp_high'})",frozenset({'Lactate_high'}),0.09925912086637761,0.09087559028739668,0.015096539772324622,0.15209221722452637,1.6736311339880197,1.0,0.006076308572184504,1.0721972697747248,0.4468507917593851,0.0862471291443378,0.06733580826025976,0.15910768611938791
"frozenset({'Lactate_high', 'Resp_high'})",frozenset({'WBC_abnormal'}),0.03023431107904214,0.294850567899962,0.015096539772324622,0.49931813339015557,1.6934616641456364,1.0,0.006181935980604934,1.408378212046422,0.422260320863692,0.048700347280673864,0.2899634548116408,0.2752593900721836
frozenset({'WBC_abnormal'}),"frozenset({'Lactate_high', 'Resp_high'})",0.294850567899962,0.03023431107904214,0.015096539772324622,0.05120064675421155,1.6934616641456361,1.0,0.006181935980604934,1.0220977550242258,0.5807188552174414,0.048700347280673864,0.02162000152686192,0.2752593900721836
frozenset({'Lactate_high'}),"frozenset({'WBC_abnormal', 'Resp_high'})",0.09087559028739668,0.09925912086637761,0.015096539772324622,0.16612315501424946,1.6736311339880194,1.0,0.006076308572184504,1.080184543496965,0.44273013760365637,0.0862471291443378,0.07423226334768442,0.15910768611938791
frozenset({'Resp_high'}),"frozenset({'WBC_abnormal', 'Lactate_high'})",0.2893190998640648,0.0423215930834101,0.015096539772324622,0.05217954770154359,1.2329296678105854,1.0,0.0028520945566191808,1.010400656151941,0.2658348167697062,0.04769173469450058,0.010293595999384451,0.2044448246941013
"frozenset({'WBC_abnormal', 'Resp_high'})",frozenset({'Sepsis'}),0.09925912086637761,0.01798467990800214,0.003418996140986078,0.03444515840099694,1.9152500115206856,1.0,0.0016338526242545806,1.0170476888352975,0.530535435064441,0.030037355671270093,0.016761936556603556,0.11227559539192991
"frozenset({'WBC_abnormal', 'Sepsis'})",frozenset({'Resp_high'}),0.007473215608712738,0.2893190998640648,0.003418996140986078,0.4575,1.5812989886079218,1.0,0.0012568521279832296,1.3100108758266087,0.37037642778853874,0.011654080026000435,0.2366475588464056,0.2346586941418532
"frozenset({'Sepsis', 'Resp_high'})",frozenset({'WBC_abnormal'}),0.007619458707262548,0.294850567899962,0.003418996140986078,0.4487190327217384,1.5218523603928804,1.0,0.0011723944140594055,1.27911078733852,0.3455388551127445,0.011432818457959024,0.21820689036582452,0.230157361970151
frozenset({'WBC_abnormal'}),"frozenset({'Sepsis', 'Resp_high'})",0.294850567899962,0.007619458707262548,0.003418996140986078,0.011595691218563594,1.5218523603928804,1.0,0.0011723944140594055,1.0040228805924605,0.486288466620804,0.011432818457959024,0.00400676186790337,0.230157361970151
frozenset({'Resp_high'}),"frozenset({'WBC_abnormal', 'Sepsis'})",0.2893190998640648,0.007473215608712738,0.003418996140986078,0.01181738828370639,1.581298988607922,1.0,0.0012568521279832296,1.0043961233718215,0.5172624237079904,0.011654080026000435,0.004376882058309303,0.2346586941418532
frozenset({'Sepsis'}),"frozenset({'WBC_abnormal', 'Resp_high'})",0.01798467990800214,0.09925912086637761,0.003418996140986078,0.1901060323828629,1.915250011520686,1.0,0.0016338526242545806,1.1121713645846436,0.4866267810839395,0.030037355671270093,0.10085798659861687,0.11227559539192991
"frozenset({'WBC_abnormal', 'Lactate_high'})",frozenset({'SBP_low'}),0.0423215930834101,0.13512089214732542,0.008258547490352465,0.19513791633684469,1.4441727939753486,1.0,0.0025400160758260147,1.0745680849026515,0.32115382537929515,0.0488140162751467,0.06939354141474152,0.12812880483280042
"frozenset({'WBC_abnormal', 'SBP_low'})",frozenset({'Lactate_high'}),0.044275581267998534,0.09087559028739668,0.008258547490352465,0.1865260094579847,2.0525424799782956,1.0,0.004234977907305495,1.117582639743474,0.5365556793979325,0.06508295932251579,0.10521158396882718,0.1387017604181415
"frozenset({'Lactate_high', 'SBP_low'})",frozenset({'WBC_abnormal'}),0.016140857229369737,0.294850567899962,0.008258547490352465,0.5116548255767542,1.7353021539722806,1.0,0.0034994065698805907,1.4439569981066083,0.4306830763647013,0.027279982124046347,0.30745860069846115,0.2698320449469193
frozenset({'WBC_abnormal'}),"frozenset({'Lactate_high', 'SBP_low'})",0.294850567899962,0.016140857229369737,0.008258547490352465,0.02800926431708436,1.7353021539722806,1.0,0.0034994065698805907,1.0122104117374904,0.6009101943910793,0.027279982124046347,0.01206311612279395,0.2698320449469193
frozenset({'Lactate_high'}),"frozenset({'WBC_abnormal', 'SBP_low'})",0.09087559028739668,0.044275581267998534,0.008258547490352465,0.09087751137829829,2.0525424799782956,1.0,0.004234977907305495,1.0512603424660099,0.5640585153489078,0.06508295932251579,0.04876084485957619,0.1387017604181415
frozenset({'SBP_low'}),"frozenset({'WBC_abnormal', 'Lactate_high'})",0.13512089214732542,0.0423215930834101,0.008258547490352465,0.06111969332875615,1.4441727939753484,1.0,0.0025400160758260147,1.0200218282477282,0.35561280307490434,0.0488140162751467,0.019628823318539424,0.12812880483280042
"frozenset({'HR_high', 'Resp_high', 'SBP_low'})",frozenset({'Temp_abnormal'}),0.019731866177901188,0.12109250681286682,0.003748204173404372,0.18995690218101083,1.5686924581928527,1.0,0.0013588230338262958,1.0850132487438742,0.36982373060430807,0.027343951948338826,0.07835226790299044,0.11045506592017752
"frozenset({'HR_high', 'Resp_high', 'Temp_abnormal'})",frozenset({'SBP_low'}),0.021121497735486824,0.13512089214732542,0.003748204173404372,0.17745920390422448,1.313336532079263,1.0,0.0008942485558976784,1.0514725980253619,0.24372844449980624,0.02457932514585789,0.048952866790847566,0.10259941924623438
"frozenset({'HR_high', 'SBP_low', 'Temp_abnormal'})",frozenset({'Resp_high'}),0.00877265318481391,0.2893190998640648,0.003748204173404372,0.42726004259381656,1.4767778649752563,1.0,0.0012101080505543898,1.2408439309079407,0.32570740700953055,0.012734113547669753,0.19409687625398006,0.2201076513171272
"frozenset({'Resp_high', 'SBP_low', 'Temp_abnormal'})",frozenset({'HR_high'}),0.0069017723117361695,0.33001204733895545,0.003748204173404372,0.5430785027536638,1.6456323553420693,1.0,0.001470536162541003,1.4663086694295753,0.39505745546947285,0.011250273135283664,0.31801535321412167,0.27721814128953043
"frozenset({'HR_high', 'Resp_high'})","frozenset({'SBP_low', 'Temp_abnormal'})",0.1320742683013252,0.020762010294998745,0.003748204173404372,0.028379518748140306,1.3668964779858772,1.0,0.0010060768552278315,1.0078400039934594,0.30926114113920483,0.02514087184982888,0.007779016473244018,0.10445568546089176
"frozenset({'HR_high', 'SBP_low'})","frozenset({'Resp_high', 'Temp_abnormal'})",0.050611064224557245,0.0404603758512057,0.003748204173404372,0.07405898751257017,1.830407799100147,1.0,0.001700461492649275,1.0362859093703018,0.4778585881953722,0.042923331169214415,0.0350153457093236,0.08334893709497909
"frozenset({'HR_high', 'Temp_abnormal'})","frozenset({'Resp_high', 'SBP_low'})",0.04668182784545905,0.03967762094046553,0.003748204173404372,0.08029257521391113,2.02362372820655,1.0,0.001895980303344179,1.0441607332711182,0.5306066758580125,0.04537159791000546,0.04229304154425803,0.08737951485901765
"frozenset({'Resp_high', 'SBP_low'})","frozenset({'HR_high', 'Temp_abnormal'})",0.03967762094046553,0.04668182784545905,0.003748204173404372,0.09446645450412418,2.02362372820655,1.0,0.001895980303344179,1.0527695819733525,0.5267366432273869,0.04537159791000546,0.05012453140452549,0.08737951485901765
"frozenset({'Resp_high', 'Temp_abnormal'})","frozenset({'HR_high', 'SBP_low'})",0.0404603758512057,0.050611064224557245,0.003748204173404372,0.09263888667738801,1.8304077991001468,1.0,0.001700461492649275,1.0463187388524195,0.47280346228579456,0.042923331169214415,0.0442682875996477,0.08334893709497909
"frozenset({'SBP_low', 'Temp_abnormal'})","frozenset({'HR_high', 'Resp_high'})",0.020762010294998745,0.1320742683013252,0.003748204173404372,0.1805318521736432,1.3668964779858772,1.0,0.0010060768552278315,1.0591329681340904,0.2741067085132927,0.02514087184982888,0.05583148661519512,0.10445568546089176
frozenset({'HR_high'}),"frozenset({'Resp_high', 'SBP_low', 'Temp_abnormal'})",0.33001204733895545,0.0069017723117361695,0.003748204173404372,0.011357779825397072,1.6456323553420695,1.0,0.001470536162541003,1.0045071992908354,0.5855789754181652,0.011250273135283664,0.004486975597603881,0.27721814128953043
frozenset({'Resp_high'}),"frozenset({'HR_high', 'SBP_low', 'Temp_abnormal'})",0.2893190998640648,0.00877265318481391,0.003748204173404372,0.012955260040437868,1.476777864975256,1.0,0.0012101080505543898,1.0042375048326537,0.4542827713905888,0.012734113547669753,0.004219624154905204,0.2201076513171272
frozenset({'SBP_low'}),"frozenset({'HR_high', 'Resp_high', 'Temp_abnormal'})",0.13512089214732542,0.021121497735486824,0.003748204173404372,0.02773963458824427,1.313336532079263,1.0,0.0008942485558976784,1.0068069594197175,0.27585420036746944,0.02457932514585789,0.006760937989185799,0.10259941924623438
frozenset({'Temp_abnormal'}),"frozenset({'HR_high', 'Resp_high', 'SBP_low'})",0.12109250681286682,0.019731866177901188,0.003748204173404372,0.030953229659344224,1.5686924581928527,1.0,0.0013588230338262958,1.0115797955525905,0.4124739191015454,0.027343951948338826,0.011447238866870596,0.11045506592017752
"frozenset({'HR_high', 'WBC_abnormal', 'Resp_high'})",frozenset({'Temp_abnormal'}),0.0505550151074919,0.12109250681286682,0.008544591260203195,0.16901569986746867,1.3957568830304348,1.0,0.0024227577488746474,1.0576703952733628,0.29864063051928147,0.052387723663941226,0.05452586697243944,0.11978910508772905
"frozenset({'HR_high', 'WBC_abnormal', 'Temp_abnormal'})",frozenset({'Resp_high'}),0.01778303193511187,0.2893190998640648,0.008544591260203195,0.48049125095098366,1.6607657468060013,1.0,0.00339962046788271,1.367986393755385,0.40507152060822915,0.028619579477972657,0.2689985773507526,0.25501235063158734
"frozenset({'HR_high', 'Resp_high', 'Temp_abnormal'})",frozenset({'WBC_abnormal'}),0.021121497735486824,0.294850567899962,0.008544591260203195,0.4045447613237761,1.3720331766870857,1.0,0.002316905657997143,1.1842190416657998,0.27700541998808753,0.027793843987325855,0.15556162769234425,0.21676207847909257
"frozenset({'WBC_abnormal', 'Resp_high', 'Temp_abnormal'})",frozenset({'HR_high'}),0.015072702791503727,0.33001204733895545,0.008544591260203195,0.5668917763720295,1.7177911562415622,1.0,0.0035704177530474605,1.5469296497047076,0.42425167592746355,0.025389514549725198,0.35355819174395586,0.29639176596396605
"frozenset({'HR_high', 'WBC_abnormal'})","frozenset({'Resp_high', 'Temp_abnormal'})",0.11834738856211466,0.0404603758512057,0.008544591260203195,0.07219923788786065,1.7844430845965347,1.0,0.0037562114379713525,1.0342087044252921,0.49861029348428826,0.05686417424112502,0.03307717705228736,0.1416917084937926
"frozenset({'HR_high', 'Resp_high'})","frozenset({'WBC_abnormal', 'Temp_abnormal'})",0.1320742683013252,0.039536531783714836,0.008544591260203195,0.06469535186603384,1.6363436282158155,1.0,0.00332283275369697,1.0268990645267437,0.4480584022526409,0.05239952116248474,0.0261944581078575,0.1404071196260867
"frozenset({'HR_high', 'Temp_abnormal'})","frozenset({'WBC_abnormal', 'Resp_high'})",0.04668182784545905,0.09925912086637761,0.008544591260203195,0.18303891802373726,1.844051372066289,1.0,0.003910994067827343,1.1025505363789092,0.4801290604186451,0.062189357990884715,0.09301209604025437,0.13456130335635916
"frozenset({'WBC_abnormal', 'Resp_high'})","frozenset({'HR_high', 'Temp_abnormal'})",0.09925912086637761,0.04668182784545905,0.008544591260203195,0.08608368868898106,1.844051372066289,1.0,0.003910994067827343,1.0431132045197877,0.5081547522488752,0.062189357990884715,0.041331280567611615,0.13456130335635916
"frozenset({'WBC_abnormal', 'Temp_abnormal'})","frozenset({'HR_high', 'Resp_high'})",0.039536531783714836,0.1320742683013252,0.008544591260203195,0.21611888738613957,1.6363436282158155,1.0,0.00332283275369697,1.1072160277016583,0.4048893367501729,0.05239952116248474,0.09683388337885211,0.1404071196260867
"frozenset({'Resp_high', 'Temp_abnormal'})","frozenset({'HR_high', 'WBC_abnormal'})",0.0404603758512057,0.11834738856211466,0.008544591260203195,0.21118417909972453,1.7844430845965347,1.0,0.0037562114379713525,1.1176913394455694,0.4581374820557331,0.05686417424112502,0.10529860552015216,0.1416917084937926
frozenset({'HR_high'}),"frozenset({'WBC_abnormal', 'Resp_high', 'Temp_abnormal'})",0.33001204733895545,0.015072702791503727,0.008544591260203195,0.02589175555590261,1.7177911562415622,1.0,0.0035704177530474605,1.0111066227250474,0.6236784629451548,0.025389514549725198,0.010984620687295898,0.29639176596396605
frozenset({'WBC_abnormal'}),"frozenset({'HR_high', 'Resp_high', 'Temp_abnormal'})",0.294850567899962,0.021121497735486824,0.008544591260203195,0.028979395634409072,1.3720331766870857,1.0,0.002316905657997143,1.008092411081283,0.38453501951998087,0.027793843987325855,0.008027449658710434,0.21676207847909257
frozenset({'Resp_high'}),"frozenset({'HR_high', 'WBC_abnormal', 'Temp_abnormal'})",0.2893190998640648,0.01778303193511187,0.008544591260203195,0.02953345031219104,1.6607657468060015,1.0,0.00339962046788271,1.012108009679323,0.5598407396978681,0.028619579477972657,0.011963159626766804,0.25501235063158734
frozenset({'Temp_abnormal'}),"frozenset({'HR_high', 'WBC_abnormal', 'Resp_high'})",0.12109250681286682,0.0505550151074919,0.008544591260203195,0.07056251030798942,1.3957568830304345,1.0,0.0024227577488746474,1.02152645597191,0.32260829624227305,0.052387723663941226,0.02107283256940125,0.11978910508772905
"frozenset({'HR_high', 'Lactate_high', 'Resp_high'})",frozenset({'Temp_abnormal'}),0.016488748300809812,0.12109250681286682,0.003509190122470542,0.2128233179651481,1.7575267336239035,1.0,0.001512526256519084,1.1165314131449589,0.4382447190627621,0.026173909700732308,0.1043691308395187,0.12090136695390853
"frozenset({'HR_high', 'Lactate_high', 'Temp_abnormal'})",frozenset({'Resp_high'}),0.007808221825655034,0.2893190998640648,0.003509190122470542,0.44942244224422445,1.5533797888054521,1.0,0.0012501224123330833,1.2907916244039466,0.35904593913357036,0.011951544353679702,0.22528161703731725,0.2307757881073533
"frozenset({'HR_high', 'Resp_high', 'Temp_abnormal'})",frozenset({'Lactate_high'}),0.021121497735486824,0.09087559028739668,0.003509190122470542,0.16614305322556047,1.8282473071165564,1.0,0.0015897615480042647,1.090264239243094,0.4628031426053837,0.03234637402313594,0.08279115832117817,0.10237918729136636
"frozenset({'Lactate_high', 'Resp_high', 'Temp_abnormal'})",frozenset({'HR_high'}),0.005859387582865721,0.33001204733895545,0.003509190122470542,0.5989004947773502,1.8147837317048592,1.0,0.0015755216300965722,1.670378407196327,0.4516163493423149,0.010558329585807992,0.4013332573674333,0.3047670080202442
"frozenset({'HR_high', 'Lactate_high'})","frozenset({'Resp_high', 'Temp_abnormal'})",0.040988654885614706,0.0404603758512057,0.003509190122470542,0.08561369316127815,2.1159885779639116,1.0,0.0018507737401632122,1.0493810077560977,0.5499493406437188,0.04502434306780515,0.04705727223107421,0.08617260936267178
"frozenset({'HR_high', 'Resp_high'})","frozenset({'Lactate_high', 'Temp_abnormal'})",0.1320742683013252,0.015507566630803821,0.003509190122470542,0.02656982444501895,1.713345818694814,1.0,0.0014610396065730803,1.0113642026845,0.47970310180924153,0.02435708823910817,0.011236508721917879,0.12642935989813575
"frozenset({'HR_high', 'Temp_abnormal'})","frozenset({'Lactate_high', 'Resp_high'})",0.04668182784545905,0.03023431107904214,0.003509190122470542,0.07517250897046647,2.4863311346483647,1.0,0.0020977972176526418,1.0485908975752853,0.6270739147141946,0.04780460405641417,0.046339232667043845,0.09561949548246315
"frozenset({'Lactate_high', 'Resp_high'})","frozenset({'HR_high', 'Temp_abnormal'})",0.03023431107904214,0.04668182784545905,0.003509190122470542,0.11606648199445983,2.4863311346483647,1.0,0.0020977972176526418,1.0784953310805054,0.6164385531584353,0.04780460405641417,0.07278226323137049,0.09561949548246315
"frozenset({'Lactate_high', 'Temp_abnormal'})","frozenset({'HR_high', 'Resp_high'})",0.015507566630803821,0.1320742683013252,0.003509190122470542,0.22628889535125257,1.713345818694814,1.0,0.0014610396065730803,1.1217697748989905,0.42290489141806836,0.02435708823910817,0.10855148500498273,0.12642935989813575
"frozenset({'Resp_high', 'Temp_abnormal'})","frozenset({'HR_high', 'Lactate_high'})",0.0404603758512057,0.040988654885614706,0.003509190122470542,0.08673152556406541,2.115988577963912,1.0,0.0018507737401632122,1.0500869918965539,0.5496465634583504,0.04502434306780515,0.04769794529698161,0.08617260936267178
frozenset({'HR_high'}),"frozenset({'Lactate_high', 'Resp_high', 'Temp_abnormal'})",0.33001204733895545,0.005859387582865721,0.003509190122470542,0.010633521263138167,1.8147837317048592,1.0,0.0015755216300965722,1.0048254451539207,0.6701167570693605,0.010558329585807992,0.00480227205351234,0.3047670080202442
frozenset({'Lactate_high'}),"frozenset({'HR_high', 'Resp_high', 'Temp_abnormal'})",0.09087559028739668,0.021121497735486824,0.003509190122470542,0.03861532135717223,1.8282473071165564,1.0,0.0015897615480042647,1.0181964868073217,0.49831248862857097,0.03234637402313594,0.0178712920768161,0.10237918729136636
frozenset({'Resp_high'}),"frozenset({'HR_high', 'Lactate_high', 'Temp_abnormal'})",0.2893190998640648,0.007808221825655034,0.003509190122470542,0.012129133970482138,1.5533797888054521,1.0,0.0012501224123330833,1.0043739645467973,0.5012691754162447,0.011951544353679702,0.00435491629730865,0.2307757881073533
frozenset({'Temp_abnormal'}),"frozenset({'HR_high', 'Lactate_high', 'Resp_high'})",0.12109250681286682,0.016488748300809812,0.003509190122470542,0.028979415942668958,1.7575267336239035,1.0,0.001512526256519084,1.012863442698267,0.49040270510494605,0.026173909700732308,0.012700075998397885,0.12090136695390853
"frozenset({'HR_high', 'WBC_abnormal', 'SBP_low'})",frozenset({'Temp_abnormal'}),0.019027708879597476,0.12109250681286682,0.003489218597998982,0.18337565600135433,1.5143435446814084,1.0,0.0011851056308630785,1.0762690331805622,0.3462359368918481,0.02553753300641267,0.07086428284122781,0.10609507205662494
"frozenset({'HR_high', 'WBC_abnormal', 'Temp_abnormal'})",frozenset({'SBP_low'}),0.01778303193511187,0.13512089214732542,0.003489218597998982,0.1962105568235337,1.452111170266703,1.0,0.0010863594578422874,1.0760020739197447,0.3169844358631284,0.023352578226394104,0.07063376155296658,0.11101674806885957
"frozenset({'HR_high', 'SBP_low', 'Temp_abnormal'})",frozenset({'WBC_abnormal'}),0.00877265318481391,0.294850567899962,0.003489218597998982,0.3977381214658148,1.348948127516447,1.0,0.0009025968244671901,1.1708352416664087,0.2609710586825628,0.011625535824294708,0.14590886538678563,0.20478598777641036
"frozenset({'WBC_abnormal', 'SBP_low', 'Temp_abnormal'})",frozenset({'HR_high'}),0.00741909921982206,0.33001204733895545,0.003489218597998982,0.47030218825981246,1.4251061197676973,1.0,0.001040826475054657,1.264849387351572,0.3005275132404555,0.010448578946962273,0.20939203513086388,0.24043759598057232
"frozenset({'HR_high', 'WBC_abnormal'})","frozenset({'SBP_low', 'Temp_abnormal'})",0.11834738856211466,0.020762010294998745,0.003489218597998982,0.029482852476864455,1.420038428743407,1.0,0.0010320888982861408,1.0089857682619232,0.3354991542354655,0.025727871702666365,0.008905743316282994,0.09877034608824758
"frozenset({'HR_high', 'SBP_low'})","frozenset({'WBC_abnormal', 'Temp_abnormal'})",0.050611064224557245,0.039536531783714836,0.003489218597998982,0.06894181443246476,1.7437496745949277,1.0,0.0014882326486771414,1.0315826476847154,0.44926075541935656,0.04026406565956941,0.03061572211940517,0.07859742060246973
"frozenset({'HR_high', 'Temp_abnormal'})","frozenset({'WBC_abnormal', 'SBP_low'})",0.04668182784545905,0.044275581267998534,0.003489218597998982,0.07474468672370964,1.6881695187982442,1.0,0.001422353535488643,1.0329304841793572,0.42760375108274856,0.03989128593419705,0.031880639291539406,0.07677576278710035
"frozenset({'WBC_abnormal', 'SBP_low'})","frozenset({'HR_high', 'Temp_abnormal'})",0.044275581267998534,0.04668182784545905,0.003489218597998982,0.07880683885049108,1.6881695187982442,1.0,0.001422353535488643,1.0348732625901662,0.42652716452454675,0.03989128593419705,0.03369809990344367,0.07677576278710035
"frozenset({'WBC_abnormal', 'Temp_abnormal'})","frozenset({'HR_high', 'SBP_low'})",0.039536531783714836,0.050611064224557245,0.003489218597998982,0.0882530267724747,1.743749674594928,1.0,0.0014882326486771414,1.0412855360678275,0.4440805971156483,0.04026406565956941,0.03964862147584668,0.07859742060246973
"frozenset({'SBP_low', 'Temp_abnormal'})","frozenset({'HR_high', 'WBC_abnormal'})",0.020762010294998745,0.11834738856211466,0.003489218597998982,0.16805783969963073,1.4200384287434067,1.0,0.0010320888982861408,1.059752292298263,0.30206518596772264,0.025727871702666365,0.05638326308186555,0.09877034608824758
frozenset({'HR_high'}),"frozenset({'WBC_abnormal', 'SBP_low', 'Temp_abnormal'})",0.33001204733895545,0.00741909921982206,0.003489218597998982,0.010573003701332167,1.4251061197676973,1.0,0.001040826475054657,1.0031876070627832,0.4452287068993774,0.010448578946962273,0.0031774785098434882,0.24043759598057232
frozenset({'WBC_abnormal'}),"frozenset({'HR_high', 'SBP_low', 'Temp_abnormal'})",0.294850567899962,0.00877265318481391,0.003489218597998982,0.011833854087005921,1.3489481275164472,1.0,0.0009025968244671901,1.003097860531706,0.36684656941873334,0.011625535824294708,0.0030882934293809086,0.20478598777641036
frozenset({'SBP_low'}),"frozenset({'HR_high', 'WBC_abnormal', 'Temp_abnormal'})",0.13512089214732542,0.01778303193511187,0.003489218597998982,0.02582293931418545,1.452111170266703,1.0,0.0010863594578422874,1.0082530247359895,0.3599896085942645,0.023352578226394104,0.008185469850834872,0.11101674806885957
frozenset({'Temp_abnormal'}),"frozenset({'HR_high', 'WBC_abnormal', 'SBP_low'})",0.12109250681286682,0.019027708879597476,0.003489218597998982,0.02881448811189555,1.5143435446814084,1.0,0.0011851056308630785,1.0100771470666519,0.38644324108487144,0.02553753300641267,0.009976611287481174,0.10609507205662494
"frozenset({'HR_high', 'WBC_abnormal', 'Lactate_high'})",frozenset({'Temp_abnormal'}),0.01988004200462566,0.12109250681286682,0.0037372520470812585,0.18799014842180312,1.5524507120190199,1.0,0.0013299279251960472,1.0823852586011318,0.36307511537232023,0.027232440451041694,0.07611454234660021,0.10942646689342612
"frozenset({'HR_high', 'WBC_abnormal', 'Temp_abnormal'})",frozenset({'Lactate_high'}),0.01778303193511187,0.09087559028739668,0.0037372520470812585,0.2101583161250589,2.312593683963176,1.0,0.002121208522878341,1.1510210568432708,0.5778612099034717,0.035619550534201155,0.13120616338458058,0.12564162172995702
"frozenset({'HR_high', 'Lactate_high', 'Temp_abnormal'})",frozenset({'WBC_abnormal'}),0.007808221825655034,0.294850567899962,0.0037372520470812585,0.4786303630363037,1.623298087723864,1.0,0.001434993407497994,1.3524942422934738,0.3869919164620447,0.012502451566739728,0.26062531822371127,0.2456527172972066
"frozenset({'WBC_abnormal', 'Lactate_high', 'Temp_abnormal'})",frozenset({'HR_high'}),0.007305712500241591,0.33001204733895545,0.0037372520470812585,0.5115520282186949,1.5501010715929402,1.0,0.0013262789076067321,1.3716669765618787,0.35749251380268793,0.01120344852226881,0.27096006750375534,0.2614383104970347
"frozenset({'HR_high', 'WBC_abnormal'})","frozenset({'Lactate_high', 'Temp_abnormal'})",0.11834738856211466,0.015507566630803821,0.0037372520470812585,0.03157866086009799,2.0363388797163684,1.0,0.0019019720333726354,1.0165951467401242,0.577237105249517,0.028722087438728523,0.016324243523431245,0.13628702475101614
"frozenset({'HR_high', 'Lactate_high'})","frozenset({'WBC_abnormal', 'Temp_abnormal'})",0.040988654885614706,0.039536531783714836,0.0037372520470812585,0.09117771874950882,2.3061638094180297,1.0,0.002116702790424434,1.0568220960590209,0.5905868176748912,0.04866978211442139,0.053766945516104725,0.09285213562171948
"frozenset({'HR_high', 'Temp_abnormal'})","frozenset({'WBC_abnormal', 'Lactate_high'})",0.04668182784545905,0.0423215930834101,0.0037372520470812585,0.08005796301407674,1.8916575955988562,1.0,0.0017616027246159377,1.041020377821091,0.49444468549284804,0.04383042062394694,0.039404010425760104,0.08418199861718878
"frozenset({'WBC_abnormal', 'Lactate_high'})","frozenset({'HR_high', 'Temp_abnormal'})",0.0423215930834101,0.04668182784545905,0.0037372520470812585,0.08830603422030081,1.8916575955988564,1.0,0.0017616027246159377,1.045655897633636,0.4921935175746556,0.04383042062394694,0.04366244931717731,0.08418199861718878
"frozenset({'WBC_abnormal', 'Temp_abnormal'})","frozenset({'HR_high', 'Lactate_high'})",0.039536531783714836,0.040988654885614706,0.0037372520470812585,0.09452655249393016,2.30616380941803,1.0,0.002116702790424434,1.0591269658494946,0.5896939104587365,0.04866978211442139,0.05582613582316877,0.09285213562171948
"frozenset({'Lactate_high', 'Temp_abnormal'})","frozenset({'HR_high', 'WBC_abnormal'})",0.015507566630803821,0.11834738856211466,0.0037372520470812585,0.2409953886419343,2.0363388797163684,1.0,0.0019019720333726354,1.161590586202591,0.516939068307933,0.028722087438728523,0.13911148051815247,0.13628702475101614
frozenset({'HR_high'}),"frozenset({'WBC_abnormal', 'Lactate_high', 'Temp_abnormal'})",0.33001204733895545,0.007305712500241591,0.0037372520470812585,0.011324592775374428,1.55010107159294,1.0,0.0013262789076067321,1.004064913768225,0.5296823246841209,0.01120344852226881,0.004048457139060362,0.2614383104970347
frozenset({'WBC_abnormal'}),"frozenset({'HR_high', 'Lactate_high', 'Temp_abnormal'})",0.294850567899962,0.007808221825655034,0.0037372520470812585,0.012675071558109555,1.623298087723864,1.0,0.001434993407497994,1.004929329334503,0.544523160984551,0.012502451566739728,0.004905150233566371,0.2456527172972066
frozenset({'Lactate_high'}),"frozenset({'HR_high', 'WBC_abnormal', 'Temp_abnormal'})",0.09087559028739668,0.01778303193511187,0.0037372520470812585,0.04112492733485517,2.312593683963176,1.0,0.002121208522878341,1.0243429994846625,0.6243205874684671,0.035619550534201155,0.023764500266911764,0.12564162172995702
frozenset({'Temp_abnormal'}),"frozenset({'HR_high', 'WBC_abnormal', 'Lactate_high'})",0.12109250681286682,0.01988004200462566,0.0037372520470812585,0.030862785365049134,1.55245071201902,1.0,0.0013299279251960472,1.011332495744228,0.4048858037806223,0.027232440451041694,0.01120550935712637,0.10942646689342612
"frozenset({'HR_high', 'WBC_abnormal', 'Resp_high'})",frozenset({'SBP_low'}),0.0505550151074919,0.13512089214732542,0.007873934583593714,0.15574982159241513,1.1526701690409022,1.0,0.001042895839747894,1.0244346166251332,0.13950164467219117,0.04428485502887827,0.02385180686848512,0.1070115397011166
"frozenset({'HR_high', 'WBC_abnormal', 'SBP_low'})",frozenset({'Resp_high'}),0.019027708879597476,0.2893190998640648,0.007873934583593714,0.4138141188420518,1.4303034920144588,1.0,0.0023688549780731,1.2123814697345838,0.30668316122831113,0.026205142828963305,0.17517709981255203,0.2205147586487873
"frozenset({'HR_high', 'Resp_high', 'SBP_low'})",frozenset({'WBC_abnormal'}),0.019731866177901188,0.294850567899962,0.007873934583593714,0.3990466240041791,1.353385977331979,1.0,0.0020559826353134967,1.1733845923264132,0.2663684324653516,0.025672371638141806,0.14776450403413932,0.21287572749797087
"frozenset({'WBC_abnormal', 'Resp_high', 'SBP_low'})",frozenset({'HR_high'}),0.014528317688972498,0.33001204733895545,0.007873934583593714,0.5419715311959558,1.6422780185333559,1.0,0.0030794147186651386,1.4627648678922658,0.3968553410489067,0.02338794091588416,0.3163631271504867,0.2829155339914123
"frozenset({'HR_high', 'WBC_abnormal'})","frozenset({'Resp_high', 'SBP_low'})",0.11834738856211466,0.03967762094046553,0.007873934583593714,0.0665323897659227,1.6768240683016638,1.0,0.003178191760932143,1.0287688276818978,0.4578158211290099,0.052440081350347105,0.027964326783425225,0.1324900696637628
"frozenset({'HR_high', 'Resp_high'})","frozenset({'WBC_abnormal', 'SBP_low'})",0.1320742683013252,0.044275581267998534,0.007873934583593714,0.059617476476412995,1.3465091765944417,1.0,0.0020262695840069468,1.0163145260834163,0.29649874452339203,0.046736262475622334,0.016052634951787857,0.11872834536807189
"frozenset({'HR_high', 'SBP_low'})","frozenset({'WBC_abnormal', 'Resp_high'})",0.050611064224557245,0.09925912086637761,0.007873934583593714,0.1555773367787268,1.567385802138673,1.0,0.002850324842552387,1.0666943443908865,0.3812926112422677,0.055451707742005724,0.06252432549360794,0.11745220013771318
"frozenset({'WBC_abnormal', 'Resp_high'})","frozenset({'HR_high', 'SBP_low'})",0.09925912086637761,0.050611064224557245,0.007873934583593714,0.07932706349669957,1.5673858021386733,1.0,0.002850324842552387,1.0311902285096,0.40188581954282016,0.055451707742005724,0.030246823182837754,0.11745220013771318
"frozenset({'WBC_abnormal', 'SBP_low'})","frozenset({'HR_high', 'Resp_high'})",0.044275581267998534,0.1320742683013252,0.007873934583593714,0.1778392142597308,1.3465091765944417,1.0,0.0020262695840069468,1.0556642286425753,0.26926055748332295,0.046736262475622334,0.05272910375503671,0.11872834536807189
"frozenset({'Resp_high', 'SBP_low'})","frozenset({'HR_high', 'WBC_abnormal'})",0.03967762094046553,0.11834738856211466,0.007873934583593714,0.1984477495616029,1.676824068301664,1.0,0.003178191760932143,1.099931552753646,0.42031147358167353,0.052440081350347105,0.09085251941674935,0.1324900696637628
frozenset({'HR_high'}),"frozenset({'WBC_abnormal', 'Resp_high', 'SBP_low'})",0.33001204733895545,0.014528317688972498,0.007873934583593714,0.023859536786868855,1.6422780185333556,1.0,0.0030794147186651386,1.0095592995573415,0.5837264670569978,0.02338794091588416,0.009468784608821773,0.2829155339914123
frozenset({'WBC_abnormal'}),"frozenset({'HR_high', 'Resp_high', 'SBP_low'})",0.294850567899962,0.019731866177901188,0.007873934583593714,0.02670483099176262,1.353385977331979,1.0,0.0020559826353134967,1.007164285856845,0.37029383321531834,0.025672371638141806,0.007113323970527946,0.21287572749797087
frozenset({'Resp_high'}),"frozenset({'HR_high', 'WBC_abnormal', 'SBP_low'})",0.2893190998640648,0.019027708879597476,0.007873934583593714,0.027215398455522795,1.4303034920144588,1.0,0.0023688549780731,1.0084167549146295,0.42332315848173163,0.026205142828963305,0.008346504432427826,0.2205147586487873
frozenset({'SBP_low'}),"frozenset({'HR_high', 'WBC_abnormal', 'Resp_high'})",0.13512089214732542,0.0505550151074919,0.007873934583593714,0.058273257809818055,1.1526701690409022,1.0,0.001042895839747894,1.0081958410614695,0.1531417925530816,0.04428485502887827,0.008129215304876229,0.1070115397011166
"frozenset({'HR_high', 'Lactate_high', 'Resp_high'})",frozenset({'SBP_low'}),0.016488748300809812,0.13512089214732542,0.0035033919379465405,0.21247167304837072,1.572456114460138,1.0,0.0012754175571484225,1.0982196808087592,0.3701556068223156,0.023654585631513927,0.08943536755453851,0.11919975306688667
"frozenset({'HR_high', 'Lactate_high', 'SBP_low'})",frozenset({'Resp_high'}),0.00830171175292003,0.2893190998640648,0.0035033919379465405,0.42200838118888717,1.4586260685421937,1.0,0.0011015481662607902,1.2295695594994174,0.317055434780636,0.01191154179772721,0.1867072568004041,0.2170587371826097
"frozenset({'HR_high', 'Resp_high', 'SBP_low'})",frozenset({'Lactate_high'}),0.019731866177901188,0.09087559028739668,0.0035033919379465405,0.17754995429019196,1.9537694746046226,1.0,0.0017102469515578524,1.1053855665215409,0.49799526535536354,0.03271016794186997,0.09533828712199598,0.10805073605277934
"frozenset({'Lactate_high', 'Resp_high', 'SBP_low'})",frozenset({'HR_high'}),0.0058342621165950485,0.33001204733895545,0.0035033919379465405,0.6004858657243816,1.8195877107105196,1.0,0.001578015152136901,1.6770068820614756,0.45306827295935936,0.010541497210515907,0.4036995252096156,0.30555090868640095
"frozenset({'HR_high', 'Lactate_high'})","frozenset({'Resp_high', 'SBP_low'})",0.040988654885614706,0.03967762094046553,0.0035033919379465405,0.08547223488361126,2.154167333063101,1.0,0.0018770596265355597,1.0500746020951235,0.558683181285137,0.04540255316306679,0.047686709111156446,0.08688432813219986
"frozenset({'HR_high', 'Resp_high'})","frozenset({'Lactate_high', 'SBP_low'})",0.1320742683013252,0.016140857229369737,0.0035033919379465405,0.026525923505051046,1.6434023997675136,1.0,0.0013716000296213771,1.0106680460491289,0.4510827249997084,0.024209453172649286,0.010555440127776917,0.12178854648949367
"frozenset({'HR_high', 'SBP_low'})","frozenset({'Lactate_high', 'Resp_high'})",0.050611064224557245,0.03023431107904214,0.0035033919379465405,0.06922185873038099,2.2895133462579302,1.0,0.001973201278139896,1.0418870468940733,0.5932510229503272,0.045297415265178956,0.040203059457300086,0.09254828287041103
"frozenset({'Lactate_high', 'Resp_high'})","frozenset({'HR_high', 'SBP_low'})",0.03023431107904214,0.050611064224557245,0.0035033919379465405,0.11587470701044107,2.2895133462579302,1.0,0.001973201278139896,1.0738171877938285,0.5807856101335118,0.045297415265178956,0.06874278846801361,0.09254828287041103
"frozenset({'Lactate_high', 'SBP_low'})","frozenset({'HR_high', 'Resp_high'})",0.016140857229369737,0.1320742683013252,0.0035033919379465405,0.2170511694739363,1.6434023997675136,1.0,0.0013716000296213771,1.1085344250600835,0.3979292229266573,0.024209453172649286,0.09790803299067671,0.12178854648949367
"frozenset({'Resp_high', 'SBP_low'})","frozenset({'HR_high', 'Lactate_high'})",0.03967762094046553,0.040988654885614706,0.0035033919379465405,0.08829642138078846,2.1541673330631004,1.0,0.0018770596265355597,1.0518894162583217,0.5579204659395195,0.04540255316306679,0.049329725593111884,0.08688432813219986
frozenset({'HR_high'}),"frozenset({'Lactate_high', 'Resp_high', 'SBP_low'})",0.33001204733895545,0.0058342621165950485,0.0035033919379465405,0.010615951648420295,1.8195877107105196,1.0,0.001578015152136901,1.004832996387795,0.6722881390765502,0.010541497210515907,0.004809750879169847,0.30555090868640095
frozenset({'Lactate_high'}),"frozenset({'HR_high', 'Resp_high', 'SBP_low'})",0.09087559028739668,0.019731866177901188,0.0035033919379465405,0.038551517815366726,1.9537694746046226,1.0,0.0017102469515578524,1.019574269434284,0.5369659908003849,0.03271016794186997,0.019198473344315577,0.10805073605277934
frozenset({'Resp_high'}),"frozenset({'HR_high', 'Lactate_high', 'SBP_low'})",0.2893190998640648,0.00830171175292003,0.0035033919379465405,0.012109093176332266,1.4586260685421937,1.0,0.0011015481662607902,1.0038540504797782,0.44242547096910756,0.01191154179772721,0.0038392538018212586,0.2170587371826097
frozenset({'SBP_low'}),"frozenset({'HR_high', 'Lactate_high', 'Resp_high'})",0.13512089214732542,0.016488748300809812,0.0035033919379465405,0.025927833085402602,1.572456114460138,1.0,0.0012754175571484225,1.0096903341510017,0.42092842905311845,0.023654585631513927,0.009597332789314914,0.11919975306688667
"frozenset({'HR_high', 'WBC_abnormal', 'Lactate_high'})",frozenset({'Resp_high'}),0.01988004200462566,0.2893190998640648,0.008313952364692921,0.41820597575993257,1.4454834677573125,1.0,0.002562276506654826,1.2215335162031242,0.3144410443225147,0.027631643745570474,0.1813568872769973,0.22347112390796994
"frozenset({'HR_high', 'WBC_abnormal', 'Resp_high'})",frozenset({'Lactate_high'}),0.0505550151074919,0.09087559028739668,0.008313952364692921,0.16445356305433784,1.809656064232966,1.0,0.0037197355248113377,1.0880597050187961,0.47123194711424243,0.06245614035087719,0.08093278761506466,0.12797037636049988
"frozenset({'HR_high', 'Lactate_high', 'Resp_high'})",frozenset({'WBC_abnormal'}),0.016488748300809812,0.294850567899962,0.008313952364692921,0.5042197390013284,1.710085697282435,1.0,0.0034522355642396148,1.422302353626635,0.4221954587813215,0.027436490000191337,0.29691461351366966,0.26620845581831665
"frozenset({'WBC_abnormal', 'Lactate_high', 'Resp_high'})",frozenset({'HR_high'}),0.015096539772324622,0.33001204733895545,0.008313952364692921,0.5507190713950412,1.668784748422828,1.0,0.003331912366694104,1.4912450317920078,0.40690438993393213,0.02468552496671614,0.3294193920644185,0.2879559733605276
"frozenset({'HR_high', 'WBC_abnormal'})","frozenset({'Lactate_high', 'Resp_high'})",0.11834738856211466,0.03023431107904214,0.008313952364692921,0.07025040827436037,2.323532627904217,1.0,0.004735800603513673,1.0430396501933894,0.6460830960957884,0.05927201745320932,0.0412636760121339,0.17261721351284606
"frozenset({'HR_high', 'Lactate_high'})","frozenset({'WBC_abnormal', 'Resp_high'})",0.040988654885614706,0.09925912086637761,0.008313952364692921,0.2028354525879006,2.0434943491083017,1.0,0.004245454515251452,1.129930930894721,0.5324672676422514,0.06301607996523251,0.11499015324046119,0.1432977686121023
"frozenset({'HR_high', 'Resp_high'})","frozenset({'WBC_abnormal', 'Lactate_high'})",0.1320742683013252,0.0423215930834101,0.008313952364692921,0.06294907003175501,1.4873984045848878,1.0,0.002724358924855106,1.0220131865714535,0.37754978536049916,0.050059349713337004,0.021539043586414997,0.12969806299493125
"frozenset({'WBC_abnormal', 'Lactate_high'})","frozenset({'HR_high', 'Resp_high'})",0.0423215930834101,0.1320742683013252,0.008313952364692921,0.19644705595810752,1.4873984045848876,1.0,0.002724358924855106,1.0801102007454362,0.34216619205890586,0.050059349713337004,0.07416854381168544,0.12969806299493125
"frozenset({'WBC_abnormal', 'Resp_high'})","frozenset({'HR_high', 'Lactate_high'})",0.09925912086637761,0.040988654885614706,0.008313952364692921,0.08376008463630404,2.0434943491083017,1.0,0.004245454515251452,1.0466814739605745,0.5669134846662427,0.06301607996523251,0.044599503403776525,0.1432977686121023
"frozenset({'Lactate_high', 'Resp_high'})","frozenset({'HR_high', 'WBC_abnormal'})",0.03023431107904214,0.11834738856211466,0.008313952364692921,0.27498401875133177,2.323532627904217,1.0,0.004735800603513673,1.2160457620802338,0.5873798747329715,0.05927201745320932,0.17766252621172274,0.17261721351284606
frozenset({'HR_high'}),"frozenset({'WBC_abnormal', 'Lactate_high', 'Resp_high'})",0.33001204733895545,0.015096539772324622,0.008313952364692921,0.02519287532601396,1.6687847484228278,1.0,0.003331912366694104,1.0103572648354062,0.5981623102863632,0.02468552496671614,0.010251091565213321,0.2879559733605276
frozenset({'WBC_abnormal'}),"frozenset({'HR_high', 'Lactate_high', 'Resp_high'})",0.294850567899962,0.016488748300809812,0.008313952364692921,0.028197172635304912,1.710085697282435,1.0,0.0034522355642396148,1.0120481480448515,0.5888595597263744,0.027436490000191337,0.01190471823709868,0.26620845581831665
frozenset({'Lactate_high'}),"frozenset({'HR_high', 'WBC_abnormal', 'Resp_high'})",0.09087559028739668,0.0505550151074919,0.008313952364692921,0.09148718966666193,1.809656064232966,1.0,0.0037197355248113377,1.0450540422695325,0.49213155441529294,0.06245614035087719,0.0431116865226311,0.12797037636049988
frozenset({'Resp_high'}),"frozenset({'HR_high', 'WBC_abnormal', 'Lactate_high'})",0.2893190998640648,0.01988004200462566,0.008313952364692921,0.028736272056007338,1.4454834677573125,1.0,0.002562276506654826,1.0091182546990907,0.4336544616500258,0.027631643745570474,0.009035863395226846,0.22347112390796994
"frozenset({'HR_high', 'WBC_abnormal', 'Resp_high'})",frozenset({'Sepsis'}),0.0505550151074919,0.01798467990800214,0.002076394302317341,0.04107197471709654,2.2837200843825913,1.0,0.0011671785378648868,1.0240761498260345,0.5920490107731387,0.031241215528522274,0.023510116733139682,0.07826273904217056
"frozenset({'HR_high', 'WBC_abnormal', 'Sepsis'})",frozenset({'Resp_high'}),0.0039053993982772948,0.2893190998640648,0.002076394302317341,0.5316727152754867,1.8376689113345457,1.0,0.0009464876637980937,1.5174877127946598,0.4576195222921499,0.007131745894765258,0.34101608100775715,0.2694247731680227
"frozenset({'HR_high', 'Sepsis', 'Resp_high'})",frozenset({'WBC_abnormal'}),0.004461380869856527,0.294850567899962,0.002076394302317341,0.46541516245487363,1.5784780940723215,1.0,0.0007609536192221174,1.3190599182314326,0.3681207062275274,0.006985686170812271,0.24188432520883602,0.23622867721362775
"frozenset({'WBC_abnormal', 'Sepsis', 'Resp_high'})",frozenset({'HR_high'}),0.003418996140986078,0.33001204733895545,0.002076394302317341,0.607311098549086,1.8402694793906014,1.0,0.0009480843859865373,1.7061545416373143,0.4581677971609987,0.006266380470202125,0.4138866230486083,0.3068014863987485
"frozenset({'HR_high', 'WBC_abnormal'})","frozenset({'Sepsis', 'Resp_high'})",0.11834738856211466,0.007619458707262548,0.002076394302317341,0.01754491017964072,2.30264522109919,1.0,0.0011746512620559523,1.0101027024799607,0.6416550592890906,0.01675992179049838,0.010001658697830424,0.14502847944088149
"frozenset({'HR_high', 'Resp_high'})","frozenset({'WBC_abnormal', 'Sepsis'})",0.1320742683013252,0.007473215608712738,0.002076394302317341,0.01572141439072812,2.103701433744146,1.0,0.0010893748189385634,1.0083799433438956,0.604484180204387,0.015104225246503953,0.008310303471632726,0.1467831209884675
"frozenset({'HR_high', 'Sepsis'})","frozenset({'WBC_abnormal', 'Resp_high'})",0.00861352523176632,0.09925912086637761,0.002076394302317341,0.24106207928197457,2.428613886339894,1.0,0.0012214233602518545,1.186843949346263,0.5933533568241436,0.01962635033918328,0.15742924707934886,0.13099050313509064
"frozenset({'WBC_abnormal', 'Resp_high'})","frozenset({'HR_high', 'Sepsis'})",0.09925912086637761,0.00861352523176632,0.002076394302317341,0.020918926988206736,2.428613886339894,1.0,0.0012214233602518545,1.012568317472002,0.6530651670651239,0.01962635033918328,0.012412315549611641,0.13099050313509064
"frozenset({'WBC_abnormal', 'Sepsis'})","frozenset({'HR_high', 'Resp_high'})",0.007473215608712738,0.1320742683013252,0.002076394302317341,0.2778448275862069,2.103701433744146,1.0,0.0010893748189385634,1.2018548988545574,0.528597698978905,0.015104225246503953,0.1679528028274775,0.1467831209884675
"frozenset({'Sepsis', 'Resp_high'})","frozenset({'HR_high', 'WBC_abnormal'})",0.007619458707262548,0.11834738856211466,0.002076394302317341,0.27251204870212226,2.30264522109919,1.0,0.0011746512620559523,1.2119136954295524,0.5700604104224165,0.01675992179049838,0.1748587347669518,0.14502847944088149
frozenset({'HR_high'}),"frozenset({'WBC_abnormal', 'Sepsis', 'Resp_high'})",0.33001204733895545,0.003418996140986078,0.002076394302317341,0.006291874248410925,1.8402694793906014,1.0,0.0009480843859865373,1.002891068345901,0.6815067665277581,0.006266380470202125,0.0028827341644084483,0.3068014863987485
frozenset({'WBC_abnormal'}),"frozenset({'HR_high', 'Sepsis', 'Resp_high'})",0.294850567899962,0.004461380869856527,0.002076394302317341,0.007042191972381847,1.5784780940723215,1.0,0.0007609536192221174,1.0025991145662592,0.5197173292184887,0.006985686170812271,0.00259237668226303,0.23622867721362775
frozenset({'Resp_high'}),"frozenset({'HR_high', 'WBC_abnormal', 'Sepsis'})",0.2893190998640648,0.0039053993982772948,0.002076394302317341,0.007176831060558826,1.8376689113345457,1.0,0.0009464876637980937,1.003295079894012,0.6414022597173514,0.007131745894765258,0.003284258001504394,0.2694247731680227
frozenset({'Sepsis'}),"frozenset({'HR_high', 'WBC_abnormal', 'Resp_high'})",0.01798467990800214,0.0505550151074919,0.002076394302317341,0.11545350336724458,2.2837200843825913,1.0,0.0011671785378648868,1.0733692219762383,0.5724126218687363,0.031241215528522274,0.06835413245887038,0.07826273904217056
"frozenset({'HR_high', 'WBC_abnormal', 'Lactate_high'})",frozenset({'SBP_low'}),0.01988004200462566,0.13512089214732542,0.004346061422101391,0.21861429775098842,1.6179163286801586,1.0,0.001659852410510068,1.1068529989265856,0.3896676755928786,0.02884779857001129,0.09653766040315251,0.12538927116255985
"frozenset({'HR_high', 'WBC_abnormal', 'SBP_low'})",frozenset({'Lactate_high'}),0.019027708879597476,0.09087559028739668,0.004346061422101391,0.22840697477568989,2.5134029287000637,1.0,0.002616907145851231,1.1782434262522155,0.6138124781775578,0.041172557324821335,0.15127894820442703,0.1381156370000612
"frozenset({'HR_high', 'Lactate_high', 'SBP_low'})",frozenset({'WBC_abnormal'}),0.00830171175292003,0.294850567899962,0.004346061422101391,0.5235138910445445,1.7755227496192723,1.0,0.0018982969972111312,1.4798950459350309,0.440442011422153,0.014544748927362496,0.3242764054472677,0.26912688456131784
"frozenset({'WBC_abnormal', 'Lactate_high', 'SBP_low'})",frozenset({'HR_high'}),0.008258547490352465,0.33001204733895545,0.004346061422101391,0.5262500975115064,1.594639049558681,1.0,0.0016206412567641819,1.414222882457094,0.3760040861974371,0.013015100680852211,0.29289787882474105,0.26970974991612867
"frozenset({'HR_high', 'WBC_abnormal'})","frozenset({'Lactate_high', 'SBP_low'})",0.11834738856211466,0.016140857229369737,0.004346061422101391,0.03672291780076212,2.275152879361418,1.0,0.0024358331198515533,1.0213667084494544,0.6357028715412227,0.03339471704090928,0.020919722830883662,0.15299065982638094
"frozenset({'HR_high', 'Lactate_high'})","frozenset({'WBC_abnormal', 'SBP_low'})",0.040988654885614706,0.044275581267998534,0.004346061422101391,0.10603083790453138,2.394792679575011,1.0,0.002531264901647412,1.0690798511346613,0.6073205721920771,0.053709335838601296,0.06461617535990768,0.10209508428511399
"frozenset({'HR_high', 'SBP_low'})","frozenset({'WBC_abnormal', 'Lactate_high'})",0.050611064224557245,0.0423215930834101,0.004346061422101391,0.08587176517012692,2.0290296020021117,1.0,0.0022041205564713446,1.0476412065915697,0.5341894652184654,0.04906003418057526,0.04547473533096989,0.09428155633529181
"frozenset({'WBC_abnormal', 'Lactate_high'})","frozenset({'HR_high', 'SBP_low'})",0.0423215930834101,0.050611064224557245,0.004346061422101391,0.10269134750045669,2.0290296020021117,1.0,0.0022041205564713446,1.058040545057517,0.5295656289453993,0.04906003418057526,0.05485663600383257,0.09428155633529181
"frozenset({'WBC_abnormal', 'SBP_low'})","frozenset({'HR_high', 'Lactate_high'})",0.044275581267998534,0.040988654885614706,0.004346061422101391,0.09815933066569661,2.394792679575011,1.0,0.002531264901647412,1.0633933218184568,0.6094092684440271,0.053709335838601296,0.05961418086588216,0.10209508428511399
"frozenset({'Lactate_high', 'SBP_low'})","frozenset({'HR_high', 'WBC_abnormal'})",0.016140857229369737,0.11834738856211466,0.004346061422101391,0.26925840185199973,2.275152879361418,1.0,0.0024358331198515533,1.2065176167230052,0.5696639614635824,0.03339471704090928,0.17116833924391675,0.15299065982638094
frozenset({'HR_high'}),"frozenset({'WBC_abnormal', 'Lactate_high', 'SBP_low'})",0.33001204733895545,0.008258547490352465,0.004346061422101391,0.013169402320750886,1.594639049558681,1.0,0.0016206412567641819,1.0049763909245897,0.5565754385790623,0.013015100680852211,0.004951749085380344,0.26970974991612867
frozenset({'WBC_abnormal'}),"frozenset({'HR_high', 'Lactate_high', 'SBP_low'})",0.294850567899962,0.00830171175292003,0.004346061422101391,0.014739878078091202,1.7755227496192725,1.0,0.0018982969972111312,1.006534483819981,0.6194227335596637,0.014544748927362496,0.0064920615488317885,0.26912688456131784
frozenset({'Lactate_high'}),"frozenset({'HR_high', 'WBC_abnormal', 'SBP_low'})",0.09087559028739668,0.019027708879597476,0.004346061422101391,0.04782429922443251,2.513402928700064,1.0,0.002616907145851231,1.030242937644155,0.6623219293237105,0.041172557324821335,0.029355151624053975,0.1381156370000612
frozenset({'SBP_low'}),"frozenset({'HR_high', 'WBC_abnormal', 'Lactate_high'})",0.13512089214732542,0.01988004200462566,0.004346061422101391,0.03216424457413129,1.6179163286801588,1.0,0.001659852410510068,1.012692445490506,0.4415889600830833,0.02884779857001129,0.0125333664204026,0.12538927116255985
"frozenset({'WBC_abnormal', 'Resp_high', 'SBP_low'})",frozenset({'Temp_abnormal'}),0.014528317688972498,0.12109250681286682,0.0027270794544552606,0.1877078621790608,1.5501195500819849,1.0,0.0009678090457238648,1.0820091101027973,0.36012041026644986,0.02052075102167453,0.07579336378693328,0.1051142457292695
"frozenset({'WBC_abnormal', 'Resp_high', 'Temp_abnormal'})",frozenset({'SBP_low'}),0.015072702791503727,0.13512089214732542,0.0027270794544552606,0.1809283638228757,1.339011021519939,1.0,0.0006904424061957948,1.0559260871116825,0.2570546662326299,0.018492872402238545,0.05296401688934452,0.10055543949239677
"frozenset({'WBC_abnormal', 'SBP_low', 'Temp_abnormal'})",frozenset({'Resp_high'}),0.00741909921982206,0.2893190998640648,0.0027270794544552606,0.3675755470649531,1.2704848979471344,1.0,0.0005805923463741568,1.1237403880221652,0.21449027239558735,0.009275429643247651,0.11011474655632343,0.1885007002900542
"frozenset({'Resp_high', 'SBP_low', 'Temp_abnormal'})",frozenset({'WBC_abnormal'}),0.0069017723117361695,0.294850567899962,0.0027270794544552606,0.3951274152898348,1.3400937909127417,1.0,0.0006920879688236173,1.1657817694579795,0.2555473026708649,0.00911989658515566,0.14220652080968668,0.20218821875554296
"frozenset({'WBC_abnormal', 'Resp_high'})","frozenset({'SBP_low', 'Temp_abnormal'})",0.09925912086637761,0.020762010294998745,0.0027270794544552606,0.027474346242965908,1.3232989413161047,1.0,0.0006662605651550036,1.0069019628654896,0.27123544613352935,0.023249938208881445,0.006854652309791695,0.07941191790070534
"frozenset({'WBC_abnormal', 'SBP_low'})","frozenset({'Resp_high', 'Temp_abnormal'})",0.044275581267998534,0.0404603758512057,0.0027270794544552606,0.06159330665696617,1.5223117769216352,1.0,0.0009356727953214372,1.0225200128640124,0.35899923963292574,0.03325346635767312,0.022024031393708673,0.06449727272564564
"frozenset({'WBC_abnormal', 'Temp_abnormal'})","frozenset({'Resp_high', 'SBP_low'})",0.039536531783714836,0.03967762094046553,0.0027270794544552606,0.06897619319200247,1.7384155490445892,1.0,0.0011583639330403558,1.0314691977125554,0.44224851622327055,0.035654122165695225,0.03050910078783096,0.06885355740005397
"frozenset({'Resp_high', 'SBP_low'})","frozenset({'WBC_abnormal', 'Temp_abnormal'})",0.03967762094046553,0.039536531783714836,0.0027270794544552606,0.06873092160810548,1.7384155490445894,1.0,0.0011583639330403558,1.0313490381048656,0.4423134907272379,0.035654122165695225,0.030396148099842576,0.06885355740005397
"frozenset({'Resp_high', 'Temp_abnormal'})","frozenset({'WBC_abnormal', 'SBP_low'})",0.0404603758512057,0.044275581267998534,0.0027270794544552606,0.06740123879432511,1.522311776921635,1.0,0.0009356727953214372,1.0247970064815757,0.3575718302699335,0.03325346635767312,0.02419699347747997,0.06449727272564564
"frozenset({'SBP_low', 'Temp_abnormal'})","frozenset({'WBC_abnormal', 'Resp_high'})",0.020762010294998745,0.09925912086637761,0.0027270794544552606,0.13134948955844478,1.3232989413161047,1.0,0.0006662605651550036,1.0369427845909571,0.24949282684193616,0.023249938208881445,0.035626637399796136,0.07941191790070534
frozenset({'WBC_abnormal'}),"frozenset({'Resp_high', 'SBP_low', 'Temp_abnormal'})",0.294850567899962,0.0069017723117361695,0.0027270794544552606,0.009249022221251119,1.3400937909127415,1.0,0.0006920879688236173,1.0023691623446866,0.35990041517462157,0.00911989658515566,0.002363562680983615,0.20218821875554296
frozenset({'Resp_high'}),"frozenset({'WBC_abnormal', 'SBP_low', 'Temp_abnormal'})",0.2893190998640648,0.00741909921982206,0.0027270794544552606,0.009425853515155295,1.2704848979471344,1.0,0.0005805923463741568,1.0020258496574481,0.2995703806620885,0.009275429643247651,0.002021753888026565,0.1885007002900542
frozenset({'SBP_low'}),"frozenset({'WBC_abnormal', 'Resp_high', 'Temp_abnormal'})",0.13512089214732542,0.015072702791503727,0.0027270794544552606,0.020182515161917842,1.339011021519939,1.0,0.0006904424061957948,1.0052150655091223,0.2927347363910004,0.018492872402238545,0.005188009698681784,0.10055543949239677
frozenset({'Temp_abnormal'}),"frozenset({'WBC_abnormal', 'Resp_high', 'SBP_low'})",0.12109250681286682,0.014528317688972498,0.0027270794544552606,0.02252062927947819,1.5501195500819849,1.0,0.0009678090457238648,1.0081764503987583,0.40378363967850983,0.02052075102167453,0.00811013825558431,0.1051142457292695
"frozenset({'WBC_abnormal', 'Lactate_high', 'Resp_high'})",frozenset({'Temp_abnormal'}),0.015096539772324622,0.12109250681286682,0.0029383910682188622,0.19464003755387702,1.6073664892797093,1.0,0.0011103132229879282,1.0913225565840448,0.38365622877690064,0.022051606851904677,0.08368062772375383,0.10945285484399497
"frozenset({'WBC_abnormal', 'Lactate_high', 'Temp_abnormal'})",frozenset({'Resp_high'}),0.007305712500241591,0.2893190998640648,0.0029383910682188622,0.4022045855379189,1.390176402895256,1.0,0.000824708903783319,1.1888363191534894,0.28273239066429623,0.0100051989303804,0.1588413107095772,0.2061804073310458
"frozenset({'WBC_abnormal', 'Resp_high', 'Temp_abnormal'})",frozenset({'Lactate_high'}),0.015072702791503727,0.09087559028739668,0.0029383910682188622,0.1949478543340742,2.145216924781957,1.0,0.0015686503048144692,1.1292739415787665,0.5420163270941474,0.02852532631197113,0.11447527195928808,0.11364103573230812
"frozenset({'Lactate_high', 'Resp_high', 'Temp_abnormal'})",frozenset({'WBC_abnormal'}),0.005859387582865721,0.294850567899962,0.0029383910682188622,0.5014843320505772,1.7008084319536487,1.0,0.0012107473118649187,1.4144980337339754,0.4144728643130748,0.009867937101366497,0.29303542588870796,0.25572501392879987
"frozenset({'WBC_abnormal', 'Lactate_high'})","frozenset({'Resp_high', 'Temp_abnormal'})",0.0423215930834101,0.0404603758512057,0.0029383910682188622,0.06943006758813859,1.7160015478716717,1.0,0.0012260435054423017,1.0311311280624005,0.4356889952722741,0.03680184614391531,0.03019124068235519,0.07102699341383267
"frozenset({'WBC_abnormal', 'Resp_high'})","frozenset({'Lactate_high', 'Temp_abnormal'})",0.09925912086637761,0.015507566630803821,0.0029383910682188622,0.029603234872234232,1.908954227121046,1.0,0.0013991236376685015,1.0145256752165437,0.5286236943682299,0.026275917295095663,0.014317700942800816,0.1095421766152123
"frozenset({'WBC_abnormal', 'Temp_abnormal'})","frozenset({'Lactate_high', 'Resp_high'})",0.039536531783714836,0.03023431107904214,0.0029383910682188622,0.07432091120924245,2.4581645341593483,1.0,0.001743031267283591,1.0476262245351053,0.6176105865007658,0.04396653106865372,0.045461084707229364,0.08575410572181705
"frozenset({'Lactate_high', 'Resp_high'})","frozenset({'WBC_abnormal', 'Temp_abnormal'})",0.03023431107904214,0.039536531783714836,0.0029383910682188622,0.09718730023439165,2.4581645341593483,1.0,0.001743031267283591,1.0638568425827908,0.6116863204117429,0.04396653106865372,0.060023905498188646,0.08575410572181705
"frozenset({'Lactate_high', 'Temp_abnormal'})","frozenset({'WBC_abnormal', 'Resp_high'})",0.015507566630803821,0.09925912086637761,0.0029383910682188622,0.18948111835819037,1.908954227121046,1.0,0.0013991236376685015,1.1113138750192428,0.4836532562942917,0.026275917295095663,0.10016420879953042,0.1095421766152123
"frozenset({'Resp_high', 'Temp_abnormal'})","frozenset({'WBC_abnormal', 'Lactate_high'})",0.0404603758512057,0.0423215930834101,0.0029383910682188622,0.07262391923952677,1.7160015478716717,1.0,0.0012260435054423017,1.0326753372065278,0.43484389013489955,0.03680184614391531,0.031641442406204194,0.07102699341383267
frozenset({'WBC_abnormal'}),"frozenset({'Lactate_high', 'Resp_high', 'Temp_abnormal'})",0.294850567899962,0.005859387582865721,0.0029383910682188622,0.009965695807022527,1.7008084319536487,1.0,0.0012107473118649187,1.0041476423662956,0.5843361540139881,0.009867937101366497,0.004130510486009427,0.25572501392879987
frozenset({'Lactate_high'}),"frozenset({'WBC_abnormal', 'Resp_high', 'Temp_abnormal'})",0.09087559028739668,0.015072702791503727,0.0029383910682188622,0.03233421713054205,2.1452169247819572,1.0,0.0015686503048144692,1.017838301864774,0.5872097046172998,0.02852532631197113,0.01752567360856106,0.11364103573230812
frozenset({'Resp_high'}),"frozenset({'WBC_abnormal', 'Lactate_high', 'Temp_abnormal'})",0.2893190998640648,0.007305712500241591,0.0029383910682188622,0.010156229124172762,1.390176402895256,1.0,0.000824708903783319,1.0028797641686515,0.3949266528056579,0.0100051989303804,0.002871494940411717,0.2061804073310458
frozenset({'Temp_abnormal'}),"frozenset({'WBC_abnormal', 'Lactate_high', 'Resp_high'})",0.12109250681286682,0.015096539772324622,0.0029383910682188622,0.024265672134112928,1.6073664892797093,1.0,0.0011103132229879282,1.0093971607843735,0.429925049210858,0.022051606851904677,0.009309676259710492,0.10945285484399497
"frozenset({'WBC_abnormal', 'Lactate_high', 'Resp_high'})",frozenset({'SBP_low'}),0.015096539772324622,0.13512089214732542,0.0031265099438864585,0.20710109674390814,1.5327096606060078,1.0,0.0010866520215123748,1.0907810621265728,0.3528881010414925,0.0212556281644738,0.08322574096545755,0.11511985454733646
"frozenset({'WBC_abnormal', 'Lactate_high', 'SBP_low'})",frozenset({'Resp_high'}),0.008258547490352465,0.2893190998640648,0.0031265099438864585,0.3785786722833294,1.3085160034757568,1.0,0.0007371544177930522,1.1436377678687615,0.23773886894961033,0.010618094300404769,0.1255972580692566,0.1946925569199601
"frozenset({'WBC_abnormal', 'Resp_high', 'SBP_low'})",frozenset({'Lactate_high'}),0.014528317688972498,0.09087559028739668,0.0031265099438864585,0.215201099729502,2.3680847524502706,1.0,0.001806240498018256,1.1584170281065045,0.586234822228278,0.03056892337927385,0.13675302094397362,0.12480269366375565
"frozenset({'Lactate_high', 'Resp_high', 'SBP_low'})",frozenset({'WBC_abnormal'}),0.0058342621165950485,0.294850567899962,0.0031265099438864585,0.5358878091872791,1.8174894930814482,1.0,0.0014062744455311741,1.5193512389002957,0.4524300876013874,0.010507217351956057,0.3418243429190221,0.27324575964203685
"frozenset({'WBC_abnormal', 'Lactate_high'})","frozenset({'Resp_high', 'SBP_low'})",0.0423215930834101,0.03967762094046553,0.0031265099438864585,0.07387505327893808,1.8618821272017354,1.0,0.0014472898159262847,1.0369252901129036,0.483365886086446,0.03963994870412572,0.035610366981099484,0.07633643551782196
"frozenset({'WBC_abnormal', 'Resp_high'})","frozenset({'Lactate_high', 'SBP_low'})",0.09925912086637761,0.016140857229369737,0.0031265099438864585,0.03149846499341213,1.951474109819759,1.0,0.0015243826452695029,1.015857081490261,0.5412953649910405,0.027847273228057287,0.01560955943428454,0.11260003476380913
"frozenset({'WBC_abnormal', 'SBP_low'})","frozenset({'Lactate_high', 'Resp_high'})",0.044275581267998534,0.03023431107904214,0.0031265099438864585,0.07061476900691159,2.3355838610743285,1.0,0.0017878682466243797,1.0434485685604462,0.5983330802793332,0.043798848396238335,0.04163939639151403,0.08701205102806692
"frozenset({'Lactate_high', 'Resp_high'})","frozenset({'WBC_abnormal', 'SBP_low'})",0.03023431107904214,0.044275581267998534,0.0031265099438864585,0.10340933304922224,2.335583861074329,1.0,0.0017878682466243797,1.06595401219414,0.5896697953857001,0.043798848396238335,0.0618732247729726,0.08701205102806692
"frozenset({'Lactate_high', 'SBP_low'})","frozenset({'WBC_abnormal', 'Resp_high'})",0.016140857229369737,0.09925912086637761,0.0031265099438864585,0.19370160453420612,1.951474109819759,1.0,0.0015243826452695029,1.117130933409919,0.49556571844212927,0.027847273228057287,0.10484978072569329,0.11260003476380913
"frozenset({'Resp_high', 'SBP_low'})","frozenset({'WBC_abnormal', 'Lactate_high'})",0.03967762094046553,0.0423215930834101,0.0031265099438864585,0.07879781775670586,1.8618821272017354,1.0,0.0014472898159262847,1.039596328988789,0.4820350768024701,0.03963994870412572,0.03808817700164842,0.07633643551782196
frozenset({'WBC_abnormal'}),"frozenset({'Lactate_high', 'Resp_high', 'SBP_low'})",0.294850567899962,0.0058342621165950485,0.0031265099438864585,0.010603710096794634,1.8174894930814485,1.0,0.0014062744455311741,1.0048205638416798,0.6378654954615011,0.010507217351956057,0.004797437487992513,0.27324575964203685
frozenset({'Lactate_high'}),"frozenset({'WBC_abnormal', 'Resp_high', 'SBP_low'})",0.09087559028739668,0.014528317688972498,0.0031265099438864585,0.03440428759800933,2.3680847524502706,1.0,0.001806240498018256,1.0205841530298367,0.6354661807763342,0.03056892337927385,0.02016899142390955,0.12480269366375565
frozenset({'Resp_high'}),"frozenset({'WBC_abnormal', 'Lactate_high', 'SBP_low'})",0.2893190998640648,0.008258547490352465,0.0031265099438864585,0.01080644155659075,1.3085160034757568,1.0,0.0007371544177930522,1.0025757285260204,0.3317599940634248,0.010618094300404769,0.002569111193033951,0.1946925569199601
frozenset({'SBP_low'}),"frozenset({'WBC_abnormal', 'Lactate_high', 'Resp_high'})",0.13512089214732542,0.015096539772324622,0.0031265099438864585,0.02313861235076477,1.532709660606008,1.0,0.0010866520215123748,1.0082325626543527,0.4018604549852807,0.0212556281644738,0.008165340973196603,0.11511985454733646
